,index,toxicity_score_jigsaw
0,0,0.3782794
1,1,0.8668033
2,2,0.3782794
3,3,0.7385965
4,4,0.7944444
5,5,0.5717557
6,6,0.2110221
7,7,0.6922321
8,8,0.9077955
9,9,0.7385965
10,10,0.9475558
11,11,0.09202176
12,12,0.9077955
13,13,0.6610747
14,14,0.9077955
15,15,0.7197581
16,16,0.3782794
17,17,0.3122323
18,18,0.9432248
19,19,0.9077955
20,20,0.4914762
21,21,0.9280996
22,22,0.07142863
23,23,0.2100854
24,24,0.6906372
25,25,0.5781148
26,26,0.5717557
27,27,0.7649919
28,28,0.7255612
29,29,0.3135498
30,30,0.7255612
31,31,0.690013
32,32,0.3782794
33,33,0.4914762
34,34,0.6410787
35,35,0.7944444
36,36,0.9077955
37,37,0.4914762
38,38,0.9607428
39,39,0.7255612
40,40,0.425618
41,41,0.8143812
42,42,0.3122889
43,43,0.3150777
44,44,0.7197581
45,45,0.7385965
46,46,0.7312737
47,47,0.5717557
48,48,0.3864257
49,49,0.9432248
50,50,0.7944444
51,51,0.5717557
52,52,0.9763637
53,53,0.9823731
54,54,0.4914762
55,55,0.8143812
56,56,0.4914762
57,57,0.3104017
58,58,0.7368972
59,59,0.3135498
60,60,0.7649919
61,61,0.7944444
62,62,0.7385965
63,63,0.6268474
64,64,0.690013
65,65,0.7197581
66,66,0.7944444
67,67,0.5717557
68,68,0.3912496
69,69,0.6922321
70,70,0.8668033
71,71,0.3982016
72,72,0.06896552
73,73,0.7530264
74,74,0.5763237
75,75,0.5721798
76,76,0.4630045
77,77,0.3134904
78,78,0.9432248
79,79,0.3782794
80,80,0.7197581
81,81,0.690013
82,82,0.6427481
83,83,0.8647198
84,84,0.6905293
85,85,0.03461841
86,86,0.4950965
87,87,0.4914762
88,88,0.9077955
89,89,0.5717557
90,90,0.9050207
91,91,0.05704097
92,92,0.6307975
93,93,0.4914762
94,94,0.06896552
95,95,0.7944444
96,96,0.6922321
97,97,0.4630045
98,98,0.9018373
99,99,0.6910629
100,100,0.579693
101,101,0.4914762
102,102,0.9767623
103,103,0.06896552
104,104,0.6165568
105,105,0.9484251
106,106,0.9077955
107,107,0.4914762
108,108,0.2426
109,109,0.9077955
110,110,0.1071337
111,111,0.1309636
112,112,0.4914762
113,113,0.2298687
114,114,0.690013
115,115,0.4914762
116,116,0.7043675
117,117,0.9077955
118,118,0.5717557
119,119,0.6427481
120,120,0.9790751
121,121,0.3135498
122,122,0.6427481
123,123,0.7944444
124,124,0.1482527
125,125,0.9077955
126,126,0.690013
127,127,0.1586888
128,128,0.5717557
129,129,0.7409539
130,130,0.07319953
131,131,0.7385965
132,132,0.3464772
133,133,0.5717557
134,134,0.7122847
135,135,0.9180375
136,136,0.7365106
137,137,0.6427481
138,138,0.1248117
139,139,0.727655
140,140,0.2882018
141,141,0.7086754
142,142,0.02092874
143,143,0.7507406
144,144,0.124873
145,145,0.9432248
146,146,0.3135498
147,147,0.7255612
148,148,0.06896552
149,149,0.5279247
150,150,0.06896552
151,151,0.6427481
152,152,0.9077955
153,153,0.3782794
154,154,0.6471
155,155,0.7385965
156,156,0.3135498
157,157,0.8143812
158,158,0.7255612
159,159,0.5717557
160,160,0.5784755
161,161,0.4914762
162,162,0.6922321
163,163,0.8398533
164,164,0.3123928
165,165,0.03461841
166,166,0.7343922
167,167,0.8711227
168,168,0.5717557
169,169,0.9077955
170,170,0.06896552
171,171,0.9077955
172,172,0.2120153
173,173,0.8398533
174,174,0.2142189
175,175,0.9432248
176,176,0.3782794
177,177,0.7649919
178,178,0.2209536
179,179,0.9432248
180,180,0.887313
181,181,0.7255612
182,182,0.5717557
183,183,0.579693
184,184,0.8018722
185,185,0.7841021
186,186,0.8143812
187,187,0.6427481
188,188,0.9077955
189,189,0.5162379
190,190,0.4630045
191,191,0.4914762
192,192,0.5685388
193,193,0.9077955
194,194,0.7255612
195,195,0.9801769
196,196,0.690013
197,197,0.2556121
198,198,0.7649919
199,199,0.1232273
200,200,0.7255612
201,201,0.3306356
202,202,0.7197581
203,203,0.7255612
204,204,0.9757962
205,205,0.579693
206,206,0.7944444
207,207,0.6427481
208,208,0.690013
209,209,0.9077955
210,210,0.690013
211,211,0.3135498
212,212,0.7385965
213,213,0.6922321
214,214,0.8614745
215,215,0.3130722
216,216,0.9872131
217,217,0.9077955
218,218,0.6288498
219,219,0.7649919
220,220,0.5717557
221,221,0.7649919
222,222,0.1222899
223,223,0.8267797
224,224,0.07044175
225,225,0.9432248
226,226,0.03461841
227,227,0.690013
228,228,0.5988215
229,229,0.8398533
230,230,0.6418948
231,231,0.7944444
232,232,0.9077955
233,233,0.9862174
234,234,0.5717557
235,235,0.7255612
236,236,0.9077955
237,237,0.7944444
238,238,0.06896552
239,239,0.24814
240,240,0.5717557
241,241,0.8668033
242,242,0.690013
243,243,0.5752077
244,244,0.7209956
245,245,0.5872938
246,246,0.7385965
247,247,0.7255612
248,248,0.816002
249,249,0.7255612
250,250,0.9077955
251,251,0.9077955
252,252,0.6922321
253,253,0.9432248
254,254,0.9471746
255,255,0.7944444
256,256,0.8668033
257,257,0.4630045
258,258,0.7288312
259,259,0.7385965
260,260,0.0983746
261,261,0.9077955
262,262,0.9077955
263,263,0.1365313
264,264,0.7021726
265,265,0.9496507
266,266,0.7347358
267,267,0.2230023
268,268,0.8524325
269,269,0.9862174
270,270,0.5722145
271,271,0.3937064
272,272,0.06896552
273,273,0.4295379
274,274,0.05625201
275,275,0.8398533
276,276,0.8143812
277,277,0.2598958
278,278,0.03975118
279,279,0.1239759
280,280,0.5717557
281,281,0.8398533
282,282,0.5259063
283,283,0.9077955
284,284,0.06896552
285,285,0.7938027
286,286,0.6921771
287,287,0.7255612
288,288,0.815895
289,289,0.5768527
290,290,0.5752349
291,291,0.7385965
292,292,0.5717557
293,293,0.4914762
294,294,0.9077955
295,295,0.06896552
296,296,0.4356558
297,297,0.7255612
298,298,0.1060059
299,299,0.5717557
300,300,0.07319953
301,301,0.7649919
302,302,0.1280524
303,303,0.7255612
304,304,0.8222772
305,305,0.9432248
306,306,0.06896552
307,307,0.7197581
308,308,0.7649919
309,309,0.1258065
310,310,0.9881732
311,311,0.1257952
312,312,0.7385965
313,313,0.07085966
314,314,0.935699
315,315,0.6922321
316,316,0.07228535
317,317,0.7334217
318,318,0.9077955
319,319,0.9725741
320,320,0.7144601
321,321,0.3281878
322,322,0.8177104
323,323,0.6545946
324,324,0.690013
325,325,0.690013
326,326,0.5743775
327,327,0.9432248
328,328,0.9439538
329,329,0.839346
330,330,0.4914762
331,331,0.03461841
332,332,0.9432248
333,333,0.7255612
334,334,0.7944444
335,335,0.1488702
336,336,0.7944444
337,337,0.9432248
338,338,0.8668033
339,339,0.9150963
340,340,0.6863434
341,341,0.9432248
342,342,0.9077955
343,343,0.8905047
344,344,0.4914762
345,345,0.3782794
346,346,0.03461841
347,347,0.9432248
348,348,0.08555838
349,349,0.2254896
350,350,0.6427481
351,351,0.6413732
352,352,0.9077955
353,353,0.5455063
354,354,0.7255612
355,355,0.529486
356,356,0.9295542
357,357,0.06771836
358,358,0.9077955
359,359,0.9077955
360,360,0.9432248
361,361,0.6922321
362,362,0.1662564
363,363,0.579693
364,364,0.03975118
365,365,0.4103072
366,366,0.7944444
367,367,0.3783552
368,368,0.7944444
369,369,0.6922321
370,370,0.1258065
371,371,0.579693
372,372,0.4854462
373,373,0.7649919
374,374,0.6427481
375,375,0.4914762
376,376,0.07319953
377,377,0.9077955
378,378,0.2275313
379,379,0.8143812
380,380,0.7944444
381,381,0.7255612
382,382,0.07319953
383,383,0.5395456
384,384,0.9432248
385,385,0.9077955
386,386,0.8997962
387,387,0.5584173
388,388,0.839213
389,389,0.9432248
390,390,0.9077955
391,391,0.7944444
392,392,0.07301135
393,393,0.7255612
394,394,0.7269198
395,395,0.3700022
396,396,0.7255612
397,397,0.1151712
398,398,0.8541734
399,399,0.7385965
400,400,0.1124335
401,401,0.7944444
402,402,0.6192323
403,403,0.9432248
404,404,0.7255612
405,405,0.8668033
406,406,0.6288341
407,407,0.9077955
408,408,0.9607428
409,409,0.7944444
410,410,0.6285892
411,411,0.9077955
412,412,0.337533
413,413,0.260317
414,414,0.9077955
415,415,0.6922321
416,416,0.6722351
417,417,0.1108926
418,418,0.8067728
419,419,0.5693982
420,420,0.5717557
421,421,0.02403037
422,422,0.7617846
423,423,0.9077955
424,424,0.7255612
425,425,0.9433385
426,426,0.9167986
427,427,0.7197581
428,428,0.9077955
429,429,0.7427025
430,430,0.4630045
431,431,0.09733986
432,432,0.641099
433,433,0.9077955
434,434,0.7232471
435,435,0.3135498
436,436,0.9317886
437,437,0.9862174
438,438,0.9077955
439,439,0.5717557
440,440,0.4630045
441,441,0.6427481
442,442,0.4914762
443,443,0.1255805
444,444,0.9077955
445,445,0.2186059
446,446,0.8398533
447,447,0.7115467
448,448,0.6922321
449,449,0.6427481
450,450,0.06896552
451,451,0.05651004
452,452,0.4914762
453,453,0.9862174
454,454,0.6427481
455,455,0.7358299
456,456,0.07060461
457,457,0.5867618
458,458,0.5717557
459,459,0.03461841
460,460,0.4210005
461,461,0.6427481
462,462,0.579693
463,463,0.9077955
464,464,0.7873523
465,465,0.1222678
466,466,0.3809941
467,467,0.8868476
468,468,0.5717557
469,469,0.5717557
470,470,0.9077955
471,471,0.9077955
472,472,0.6598188
473,473,0.7255612
474,474,0.5717557
475,475,0.227203
476,476,0.7944444
477,477,0.7385965
478,478,0.4914762
479,479,0.1255348
480,480,0.7944444
481,481,0.9432248
482,482,0.7649919
483,483,0.725103
484,484,0.5717557
485,485,0.06990226
486,486,0.3231857
487,487,0.07224324
488,488,0.7255612
489,489,0.3130964
490,490,0.2598958
491,491,0.2186684
492,492,0.4914762
493,493,0.9077955
494,494,0.7649919
495,495,0.1258065
496,496,0.7197581
497,497,0.5717557
498,498,0.05266659
499,499,0.8143812
500,500,0.6922321
501,501,0.0939028
502,502,0.7649919
503,503,0.7255612
504,504,0.8316042
505,505,0.7649919
506,506,0.4914762
507,507,0.07112755
508,508,0.4839777
509,509,0.7255612
510,510,0.8668033
511,511,0.4914762
512,512,0.7255612
513,513,0.06896552
514,514,0.9148395
515,515,0.9432248
516,516,0.9817192
517,517,0.3782794
518,518,0.7649919
519,519,0.5717557
520,520,0.09082561
521,521,0.7751784
522,522,0.4914762
523,523,0.9765669
524,524,0.03461841
525,525,0.7385965
526,526,0.7255612
527,527,0.5717557
528,528,0.7208866
529,529,0.8488981
530,530,0.7385965
531,531,0.3132234
532,532,0.8398533
533,533,0.579693
534,534,0.7944444
535,535,0.6427481
536,536,0.9077955
537,537,0.4630045
538,538,0.5717557
539,539,0.7256188
540,540,0.9758829
541,541,0.9077955
542,542,0.8143812
543,543,0.157401
544,544,0.8143812
545,545,0.6922321
546,546,0.6922321
547,547,0.764988
548,548,0.7944444
549,549,0.4914762
550,550,0.06896552
551,551,0.37671
552,552,0.2461172
553,553,0.5717557
554,554,0.9769689
555,555,0.07319953
556,556,0.5717557
557,557,0.7365173
558,558,0.8398533
559,559,0.1348032
560,560,0.07319953
561,561,0.5794787
562,562,0.9077955
563,563,0.7348971
564,564,0.06907065
565,565,0.7275417
566,566,0.9077955
567,567,0.3161577
568,568,0.7050011
569,569,0.5841016
570,570,0.5717557
571,571,0.9077955
572,572,0.7616414
573,573,0.1243278
574,574,0.7297488
575,575,0.06896552
576,576,0.7385965
577,577,0.7255612
578,578,0.7255612
579,579,0.7649919
580,580,0.7255612
581,581,0.6311818
582,582,0.9432248
583,583,0.9439538
584,584,0.5717557
585,585,0.7255612
586,586,0.7214416
587,587,0.3135498
588,588,0.9077955
589,589,0.5739315
590,590,0.9077955
591,591,0.7195657
592,592,0.03461841
593,593,0.5494489
594,594,0.7255612
595,595,0.1258065
596,596,0.953402
597,597,0.7255612
598,598,0.04074609
599,599,0.5717557
600,600,0.5717557
601,601,0.7197581
602,602,0.4811654
603,603,0.2788436
604,604,0.03461841
605,605,0.4388305
606,606,0.8398533
607,607,0.8118966
608,608,0.5874915
609,609,0.9862174
610,610,0.7649919
611,611,0.9004869
612,612,0.3134463
613,613,0.5759464
614,614,0.573095
615,615,0.3178453
616,616,0.7385965
617,617,0.9862174
618,618,0.07023488
619,619,0.7944444
620,620,0.07207713
621,621,0.5717557
622,622,0.6922321
623,623,0.4914762
624,624,0.08405527
625,625,0.6427481
626,626,0.944342
627,627,0.1976351
628,628,0.1877573
629,629,0.579693
630,630,0.1510614
631,631,0.9432248
632,632,0.8329708
633,633,0.3782794
634,634,0.4056632
635,635,0.7944444
636,636,0.2142746
637,637,0.6373469
638,638,0.5717557
639,639,0.3109266
640,640,0.7385965
641,641,0.4914762
642,642,0.6922321
643,643,0.9077955
644,644,0.5717557
645,645,0.4630045
646,646,0.8143812
647,647,0.02019472
648,648,0.2117426
649,649,0.7255612
650,650,0.2765418
651,651,0.579693
652,652,0.690013
653,653,0.8051936
654,654,0.1794985
655,655,0.3742869
656,656,0.9077955
657,657,0.9432248
658,658,0.5770769
659,659,0.3537917
660,660,0.9077955
661,661,0.0689937
662,662,0.3782794
663,663,0.7649919
664,664,0.1077717
665,665,0.07319953
666,666,0.9432248
667,667,0.5717557
668,668,0.5394147
669,669,0.5578536
670,670,0.5766281
671,671,0.9077955
672,672,0.7255612
673,673,0.06690125
674,674,0.7944444
675,675,0.8143812
676,676,0.9077955
677,677,0.579693
678,678,0.5743862
679,679,0.9432248
680,680,0.9109832
681,681,0.1916219
682,682,0.9077955
683,683,0.6427481
684,684,0.6427481
685,685,0.1572238
686,686,0.636217
687,687,0.7133602
688,688,0.3782794
689,689,0.579693
690,690,0.7197581
691,691,0.106893
692,692,0.4914762
693,693,0.9432248
694,694,0.7944444
695,695,0.5717557
696,696,0.06896552
697,697,0.4914762
698,698,0.9077955
699,699,0.7944444
700,700,0.7255612
701,701,0.201143
702,702,0.9077955
703,703,0.1255281
704,704,0.1254331
705,705,0.03461841
706,706,0.9077955
707,707,0.9077955
708,708,0.3961728
709,709,0.5723289
710,710,0.690013
711,711,0.5870458
712,712,0.1332857
713,713,0.5967183
714,714,0.06429081
715,715,0.1395335
716,716,0.09195748
717,717,0.04308971
718,718,0.7944444
719,719,0.9077955
720,720,0.7255612
721,721,0.7958702
722,722,0.690013
723,723,0.8143812
724,724,0.4630045
725,725,0.7137223
726,726,0.5717557
727,727,0.7944444
728,728,0.9030239
729,729,0.9077955
730,730,0.9077955
731,731,0.1254349
732,732,0.8143812
733,733,0.4339094
734,734,0.9077955
735,735,0.312647
736,736,0.3782794
737,737,0.07396249
738,738,0.8668033
739,739,0.690013
740,740,0.9077955
741,741,0.1720349
742,742,0.1583604
743,743,0.312856
744,744,0.8072932
745,745,0.5717557
746,746,0.7255612
747,747,0.5717557
748,748,0.6917644
749,749,0.7255612
750,750,0.6757353
751,751,0.7453686
752,752,0.7212647
753,753,0.8668033
754,754,0.3135498
755,755,0.5717557
756,756,0.8645106
757,757,0.1252579
758,758,0.7427225
759,759,0.8318399
760,760,0.3135498
761,761,0.9077955
762,762,0.7944444
763,763,0.1258065
764,764,0.6318662
765,765,0.1253979
766,766,0.8853218
767,767,0.5014806
768,768,0.1247158
769,769,0.9884524
770,770,0.7255612
771,771,0.1251862
772,772,0.5788321
773,773,0.6573755
774,774,0.7385965
775,775,0.9432248
776,776,0.4630045
777,777,0.690013
778,778,0.4070944
779,779,0.8143812
780,780,0.1258065
781,781,0.7944444
782,782,0.07319953
783,783,0.4187503
784,784,0.2205426
785,785,0.3009079
786,786,0.8667835
787,787,0.9077955
788,788,0.7385965
789,789,0.4630045
790,790,0.9496557
791,791,0.9077955
792,792,0.07319953
793,793,0.9077955
794,794,0.3123446
795,795,0.3062549
796,796,0.5604877
797,797,0.5717557
798,798,0.4914762
799,799,0.6427481
800,800,0.690013
801,801,0.4914762
802,802,0.9938982
803,803,0.7255612
804,804,0.06896552
805,805,0.7255612
806,806,0.6922321
807,807,0.06896552
808,808,0.3535539
809,809,0.3782794
810,810,0.7944444
811,811,0.8206924
812,812,0.4914762
813,813,0.6919305
814,814,0.579693
815,815,0.6922321
816,816,0.9432248
817,817,0.6427481
818,818,0.7255612
819,819,0.7385965
820,820,0.7255612
821,821,0.03461841
822,822,0.9432248
823,823,0.7244946
824,824,0.7255612
825,825,0.8852885
826,826,0.1640318
827,827,0.03461841
828,828,0.2259754
829,829,0.979127
830,830,0.1822497
831,831,0.4914762
832,832,0.9432248
833,833,0.7137223
834,834,0.2214844
835,835,0.9746143
836,836,0.06896552
837,837,0.690013
838,838,0.4914762
839,839,0.579693
840,840,0.7255612
841,841,0.7415293
842,842,0.08030948
843,843,0.05393402
844,844,0.1258065
845,845,0.4914762
846,846,0.8143812
847,847,0.7211184
848,848,0.9478081
849,849,0.06543558
850,850,0.8617597
851,851,0.1258065
852,852,0.9077955
853,853,0.7649919
854,854,0.06896552
855,855,0.690013
856,856,0.9809531
857,857,0.8398533
858,858,0.9077955
859,859,0.5243995
860,860,0.8067775
861,861,0.6902798
862,862,0.8288191
863,863,0.7385965
864,864,0.03461841
865,865,0.9576239
866,866,0.7255612
867,867,0.9884365
868,868,0.6906707
869,869,0.1966132
870,870,0.06896552
871,871,0.690013
872,872,0.4914762
873,873,0.5717557
874,874,0.7255612
875,875,0.690013
876,876,0.5835296
877,877,0.9432248
878,878,0.7197581
879,879,0.3135498
880,880,0.690013
881,881,0.7197581
882,882,0.7649919
883,883,0.7321373
884,884,0.9077955
885,885,0.3745565
886,886,0.06896552
887,887,0.03461841
888,888,0.7255612
889,889,0.1247569
890,890,0.8667856
891,891,0.7763714
892,892,0.6057443
893,893,0.7944444
894,894,0.2310832
895,895,0.7255612
896,896,0.9077955
897,897,0.5949621
898,898,0.5731668
899,899,0.9232143
900,900,0.7944444
901,901,0.4914762
902,902,0.9299405
903,903,0.7823087
904,904,0.7255612
905,905,0.3851093
906,906,0.4914762
907,907,0.690013
908,908,0.07287926
909,909,0.3135498
910,910,0.690013
911,911,0.8332548
912,912,0.5717557
913,913,0.3823362
914,914,0.3622288
915,915,0.4914762
916,916,0.3782794
917,917,0.03461841
918,918,0.9077955
919,919,0.03461841
920,920,0.9328152
921,921,0.7385965
922,922,0.1258065
923,923,0.5717557
924,924,0.7255612
925,925,0.6420783
926,926,0.4015556
927,927,0.7944444
928,928,0.9432248
929,929,0.690013
930,930,0.7944444
931,931,0.2646339
932,932,0.5717557
933,933,0.3125394
934,934,0.9432248
935,935,0.7944444
936,936,0.579693
937,937,0.6922321
938,938,0.718663
939,939,0.5717557
940,940,0.6519532
941,941,0.3782794
942,942,0.9432248
943,943,0.6922321
944,944,0.07180497
945,945,0.03461841
946,946,0.523944
947,947,0.3347318
948,948,0.3782794
949,949,0.7836436
950,950,0.7197581
951,951,0.8820404
952,952,0.6922321
953,953,0.7255612
954,954,0.3568136
955,955,0.02417753
956,956,0.1915669
957,957,0.6108758
958,958,0.1252087
959,959,0.7767518
960,960,0.9077955
961,961,0.7235649
962,962,0.1645667
963,963,0.3782794
964,964,0.5717557
965,965,0.136041
966,966,0.5223219
967,967,0.6904751
968,968,0.83796
969,969,0.3782794
970,970,0.2244407
971,971,0.03461841
972,972,0.5717557
973,973,0.5717557
974,974,0.3135498
975,975,0.9759876
976,976,0.17305
977,977,0.6427481
978,978,0.4914762
979,979,0.6922321
980,980,0.9862174
981,981,0.4914762
982,982,0.7941449
983,983,0.6922321
984,984,0.4231101
985,985,0.1258065
986,986,0.8306996
987,987,0.3782794
988,988,0.7034948
989,989,0.4914762
990,990,0.9453831
991,991,0.3387331
992,992,0.7722552
993,993,0.5822628
994,994,0.5717557
995,995,0.9077955
996,996,0.72173
997,997,0.9066453
998,998,0.6739016
999,999,0.7649919
1000,1000,0.5982386
1001,1001,0.7255612
1002,1002,0.7197581
1003,1003,0.5717557
1004,1004,0.7486314
1005,1005,0.6427481
1006,1006,0.2610604
1007,1007,0.1252893
1008,1008,0.9077955
1009,1009,0.5717557
1010,1010,0.8143812
1011,1011,0.1536857
1012,1012,0.9432248
1013,1013,0.3782794
1014,1014,0.5717557
1015,1015,0.579693
1016,1016,0.1984377
1017,1017,0.7424628
1018,1018,0.4914762
1019,1019,0.7649919
1020,1020,0.1252001
1021,1021,0.4630045
1022,1022,0.4630045
1023,1023,0.31231
1024,1024,0.2057707
1025,1025,0.9755529
1026,1026,0.06145197
1027,1027,0.9077955
1028,1028,0.5717557
1029,1029,0.7385965
1030,1030,0.5717557
1031,1031,0.3123648
1032,1032,0.5717557
1033,1033,0.1252832
1034,1034,0.3150661
1035,1035,0.7385965
1036,1036,0.7255612
1037,1037,0.9432248
1038,1038,0.9432248
1039,1039,0.3131069
1040,1040,0.9496092
1041,1041,0.7255612
1042,1042,0.6922321
1043,1043,0.6260893
1044,1044,0.9077955
1045,1045,0.8143812
1046,1046,0.8441887
1047,1047,0.1640318
1048,1048,0.9396573
1049,1049,0.07319953
1050,1050,0.9077955
1051,1051,0.6407927
1052,1052,0.5717557
1053,1053,0.7195657
1054,1054,0.815881
1055,1055,0.7944444
1056,1056,0.9432248
1057,1057,0.6921806
1058,1058,0.573039
1059,1059,0.8220596
1060,1060,0.1256777
1061,1061,0.4914762
1062,1062,0.8143812
1063,1063,0.9077955
1064,1064,0.6070835
1065,1065,0.1409708
1066,1066,0.4914762
1067,1067,0.2179312
1068,1068,0.6427481
1069,1069,0.2136679
1070,1070,0.7437767
1071,1071,0.6922321
1072,1072,0.723342
1073,1073,0.6427481
1074,1074,0.6914322
1075,1075,0.7208773
1076,1076,0.7255612
1077,1077,0.8398533
1078,1078,0.9077955
1079,1079,0.9077955
1080,1080,0.7610848
1081,1081,0.979127
1082,1082,0.124487
1083,1083,0.5717557
1084,1084,0.7944444
1085,1085,0.8143812
1086,1086,0.7439391
1087,1087,0.7890534
1088,1088,0.7105227
1089,1089,0.8398533
1090,1090,0.5717557
1091,1091,0.03993576
1092,1092,0.9812633
1093,1093,0.7385965
1094,1094,0.7197581
1095,1095,0.127242
1096,1096,0.8143812
1097,1097,0.3782794
1098,1098,0.8668033
1099,1099,0.579693
1100,1100,0.6903337
1101,1101,0.9155429
1102,1102,0.7846697
1103,1103,0.4914762
1104,1104,0.6427481
1105,1105,0.9077955
1106,1106,0.4914762
1107,1107,0.7944444
1108,1108,0.9077955
1109,1109,0.3013387
1110,1110,0.3135498
1111,1111,0.9077955
1112,1112,0.579693
1113,1113,0.1258065
1114,1114,0.7046592
1115,1115,0.6264856
1116,1116,0.8398533
1117,1117,0.4914762
1118,1118,0.1936712
1119,1119,0.8667458
1120,1120,0.6702119
1121,1121,0.6966678
1122,1122,0.9852445
1123,1123,0.8398533
1124,1124,0.1258065
1125,1125,0.9077955
1126,1126,0.6922321
1127,1127,0.7555017
1128,1128,0.7255612
1129,1129,0.2947185
1130,1130,0.579693
1131,1131,0.9432248
1132,1132,0.4914762
1133,1133,0.07319953
1134,1134,0.4686514
1135,1135,0.7385965
1136,1136,0.1149038
1137,1137,0.9432248
1138,1138,0.1012865
1139,1139,0.7385965
1140,1140,0.7734734
1141,1141,0.7944444
1142,1142,0.3488503
1143,1143,0.690013
1144,1144,0.7211962
1145,1145,0.5717557
1146,1146,0.6969334
1147,1147,0.9432248
1148,1148,0.7944444
1149,1149,0.9077955
1150,1150,0.7944444
1151,1151,0.5717557
1152,1152,0.8398533
1153,1153,0.04732026
1154,1154,0.7649919
1155,1155,0.07319953
1156,1156,0.5717557
1157,1157,0.3782794
1158,1158,0.6427481
1159,1159,0.9077955
1160,1160,0.7383744
1161,1161,0.165084
1162,1162,0.9530448
1163,1163,0.9463268
1164,1164,0.963699
1165,1165,0.7186437
1166,1166,0.5717557
1167,1167,0.5649522
1168,1168,0.9077955
1169,1169,0.8341081
1170,1170,0.5084345
1171,1171,0.9077955
1172,1172,0.5717557
1173,1173,0.8398533
1174,1174,0.7944444
1175,1175,0.579693
1176,1176,0.7944444
1177,1177,0.9432248
1178,1178,0.7192919
1179,1179,0.6516044
1180,1180,0.5183307
1181,1181,0.579693
1182,1182,0.07319953
1183,1183,0.1378099
1184,1184,0.08555838
1185,1185,0.9756408
1186,1186,0.3135498
1187,1187,0.6241453
1188,1188,0.529948
1189,1189,0.8398533
1190,1190,0.1719375
1191,1191,0.05016959
1192,1192,0.1211239
1193,1193,0.9077955
1194,1194,0.5717557
1195,1195,0.4914762
1196,1196,0.579693
1197,1197,0.9432248
1198,1198,0.4180127
1199,1199,0.3782794
1200,1200,0.4056623
1201,1201,0.2063229
1202,1202,0.7211184
1203,1203,0.7944444
1204,1204,0.7385965
1205,1205,0.3135498
1206,1206,0.9432248
1207,1207,0.3120984
1208,1208,0.8143207
1209,1209,0.8170494
1210,1210,0.5107696
1211,1211,0.8668033
1212,1212,0.5717557
1213,1213,0.5717557
1214,1214,0.8375269
1215,1215,0.2784163
1216,1216,0.8143812
1217,1217,0.148804
1218,1218,0.2269619
1219,1219,0.1257088
1220,1220,0.794897
1221,1221,0.4050341
1222,1222,0.3135498
1223,1223,0.7569217
1224,1224,0.8398533
1225,1225,0.9432248
1226,1226,0.03461841
1227,1227,0.7197581
1228,1228,0.9340782
1229,1229,0.8143812
1230,1230,0.4914762
1231,1231,0.2781597
1232,1232,0.9077955
1233,1233,0.03461841
1234,1234,0.0782715
1235,1235,0.5717557
1236,1236,0.7221583
1237,1237,0.579693
1238,1238,0.7649919
1239,1239,0.7255612
1240,1240,0.6695001
1241,1241,0.1258065
1242,1242,0.7470683
1243,1243,0.9759196
1244,1244,0.3122817
1245,1245,0.1380954
1246,1246,0.03461841
1247,1247,0.7197581
1248,1248,0.5717557
1249,1249,0.8143812
1250,1250,0.3961998
1251,1251,0.5717557
1252,1252,0.03461841
1253,1253,0.06784531
1254,1254,0.7944444
1255,1255,0.8076549
1256,1256,0.4914762
1257,1257,0.5362238
1258,1258,0.7944444
1259,1259,0.7255612
1260,1260,0.8485524
1261,1261,0.7649919
1262,1262,0.5243129
1263,1263,0.579693
1264,1264,0.9077955
1265,1265,0.5573114
1266,1266,0.5841017
1267,1267,0.9077955
1268,1268,0.3153063
1269,1269,0.711239
1270,1270,0.3132443
1271,1271,0.3263256
1272,1272,0.7944444
1273,1273,0.03461841
1274,1274,0.7197581
1275,1275,0.9077955
1276,1276,0.5999997
1277,1277,0.9077955
1278,1278,0.1001231
1279,1279,0.9077955
1280,1280,0.5717557
1281,1281,0.3788005
1282,1282,0.1125764
1283,1283,0.1258065
1284,1284,0.3782794
1285,1285,0.7922198
1286,1286,0.9077955
1287,1287,0.1965864
1288,1288,0.07319953
1289,1289,0.7255612
1290,1290,0.3990753
1291,1291,0.1203966
1292,1292,0.7944444
1293,1293,0.03461841
1294,1294,0.7649919
1295,1295,0.8667829
1296,1296,0.06896552
1297,1297,0.5717557
1298,1298,0.53631
1299,1299,0.3387512
1300,1300,0.3782794
1301,1301,0.7255612
1302,1302,0.7365294
1303,1303,0.06896552
1304,1304,0.4630045
1305,1305,0.690013
1306,1306,0.06896552
1307,1307,0.5727286
1308,1308,0.690013
1309,1309,0.1492504
1310,1310,0.2469377
1311,1311,0.5717557
1312,1312,0.9077955
1313,1313,0.6599436
1314,1314,0.8199269
1315,1315,0.7883335
1316,1316,0.8143812
1317,1317,0.6812389
1318,1318,0.5265236
1319,1319,0.5094159
1320,1320,0.4914762
1321,1321,0.2277707
1322,1322,0.07042733
1323,1323,0.6309306
1324,1324,0.9335625
1325,1325,0.579693
1326,1326,0.6396737
1327,1327,0.7385965
1328,1328,0.3133206
1329,1329,0.07319953
1330,1330,0.0975926
1331,1331,0.9077955
1332,1332,0.2487822
1333,1333,0.7255612
1334,1334,0.1360906
1335,1335,0.7255612
1336,1336,0.5281031
1337,1337,0.6922321
1338,1338,0.9242055
1339,1339,0.7255612
1340,1340,0.85506
1341,1341,0.2295131
1342,1342,0.4628667
1343,1343,0.7197581
1344,1344,0.1226391
1345,1345,0.7385965
1346,1346,0.6427481
1347,1347,0.9077955
1348,1348,0.7255612
1349,1349,0.06896552
1350,1350,0.7214516
1351,1351,0.690013
1352,1352,0.8143812
1353,1353,0.690013
1354,1354,0.7944444
1355,1355,0.7944444
1356,1356,0.9077955
1357,1357,0.6977409
1358,1358,0.3135203
1359,1359,0.9077955
1360,1360,0.7282881
1361,1361,0.8675709
1362,1362,0.9903688
1363,1363,0.5717557
1364,1364,0.6431026
1365,1365,0.7206331
1366,1366,0.7649919
1367,1367,0.7944444
1368,1368,0.6900473
1369,1369,0.6976535
1370,1370,0.2440158
1371,1371,0.4914762
1372,1372,0.1806356
1373,1373,0.06896552
1374,1374,0.785534
1375,1375,0.3782794
1376,1376,0.6284999
1377,1377,0.7649919
1378,1378,0.1172535
1379,1379,0.579693
1380,1380,0.7197581
1381,1381,0.579693
1382,1382,0.9077955
1383,1383,0.9077955
1384,1384,0.8143812
1385,1385,0.7197581
1386,1386,0.8398533
1387,1387,0.3127497
1388,1388,0.6922321
1389,1389,0.579693
1390,1390,0.2058527
1391,1391,0.07319953
1392,1392,0.9616318
1393,1393,0.7944444
1394,1394,0.2042452
1395,1395,0.5717557
1396,1396,0.9432248
1397,1397,0.6917303
1398,1398,0.9766011
1399,1399,0.03461841
1400,1400,0.9077955
1401,1401,0.4734297
1402,1402,0.5796127
1403,1403,0.9761422
1404,1404,0.03461841
1405,1405,0.6409681
1406,1406,0.9077955
1407,1407,0.03461841
1408,1408,0.9077955
1409,1409,0.7944444
1410,1410,0.03461841
1411,1411,0.411502
1412,1412,0.04780113
1413,1413,0.6309814
1414,1414,0.3135498
1415,1415,0.6922321
1416,1416,0.9644622
1417,1417,0.4525749
1418,1418,0.9808777
1419,1419,0.1258065
1420,1420,0.9077955
1421,1421,0.7236719
1422,1422,0.1258065
1423,1423,0.4616032
1424,1424,0.5717557
1425,1425,0.2005475
1426,1426,0.579693
1427,1427,0.8992567
1428,1428,0.7944444
1429,1429,0.690013
1430,1430,0.6427481
1431,1431,0.7255612
1432,1432,0.9432248
1433,1433,0.2246665
1434,1434,0.5717557
1435,1435,0.9787935
1436,1436,0.7255612
1437,1437,0.8143812
1438,1438,0.6905862
1439,1439,0.8668033
1440,1440,0.9432248
1441,1441,0.06896552
1442,1442,0.9432248
1443,1443,0.3135498
1444,1444,0.7255612
1445,1445,0.7944444
1446,1446,0.9445162
1447,1447,0.7944444
1448,1448,0.06896552
1449,1449,0.7944444
1450,1450,0.9077955
1451,1451,0.579693
1452,1452,0.8398533
1453,1453,0.9862174
1454,1454,0.7255612
1455,1455,0.8398533
1456,1456,0.5717557
1457,1457,0.4123206
1458,1458,0.2605924
1459,1459,0.6521432
1460,1460,0.8925849
1461,1461,0.5745151
1462,1462,0.7249628
1463,1463,0.5717557
1464,1464,0.3782794
1465,1465,0.3135498
1466,1466,0.5717557
1467,1467,0.1247774
1468,1468,0.7382211
1469,1469,0.6922321
1470,1470,0.9432248
1471,1471,0.6619724
1472,1472,0.9459217
1473,1473,0.4914762
1474,1474,0.7944444
1475,1475,0.3471546
1476,1476,0.9453377
1477,1477,0.9714202
1478,1478,0.9077955
1479,1479,0.4487941
1480,1480,0.25085
1481,1481,0.3135498
1482,1482,0.7649919
1483,1483,0.8143812
1484,1484,0.9077955
1485,1485,0.88204
1486,1486,0.5950834
1487,1487,0.4283737
1488,1488,0.3782794
1489,1489,0.1465106
1490,1490,0.1684499
1491,1491,0.6427481
1492,1492,0.1258065
1493,1493,0.690013
1494,1494,0.3135498
1495,1495,0.5539868
1496,1496,0.3956246
1497,1497,0.7235649
1498,1498,0.1248172
1499,1499,0.7944444
1500,1500,0.03461841
1501,1501,0.5717557
1502,1502,0.4914762
1503,1503,0.690013
1504,1504,0.1861973
1505,1505,0.9077955
1506,1506,0.9432248
1507,1507,0.4623833
1508,1508,0.5717557
1509,1509,0.8398533
1510,1510,0.9432248
1511,1511,0.1258065
1512,1512,0.5717557
1513,1513,0.07306416
1514,1514,0.4914762
1515,1515,0.9432248
1516,1516,0.7197581
1517,1517,0.7649919
1518,1518,0.9836429
1519,1519,0.5521685
1520,1520,0.1254002
1521,1521,0.9077955
1522,1522,0.7255612
1523,1523,0.690013
1524,1524,0.9366037
1525,1525,0.628052
1526,1526,0.690013
1527,1527,0.6427481
1528,1528,0.8614745
1529,1529,0.3129138
1530,1530,0.9432248
1531,1531,0.6922321
1532,1532,0.9862174
1533,1533,0.9077955
1534,1534,0.1422368
1535,1535,0.9077955
1536,1536,0.7649919
1537,1537,0.7255612
1538,1538,0.3782794
1539,1539,0.9759668
1540,1540,0.7557408
1541,1541,0.1961212
1542,1542,0.6195205
1543,1543,0.06012034
1544,1544,0.7944444
1545,1545,0.07319953
1546,1546,0.6922321
1547,1547,0.9077955
1548,1548,0.1132681
1549,1549,0.03190825
1550,1550,0.3133701
1551,1551,0.1283899
1552,1552,0.9077955
1553,1553,0.8372708
1554,1554,0.8617597
1555,1555,0.7255612
1556,1556,0.9432248
1557,1557,0.7197581
1558,1558,0.4914762
1559,1559,0.3127484
1560,1560,0.8398533
1561,1561,0.1258065
1562,1562,0.8229575
1563,1563,0.8831245
1564,1564,0.579693
1565,1565,0.6922321
1566,1566,0.8143812
1567,1567,0.7255612
1568,1568,0.7385965
1569,1569,0.06896552
1570,1570,0.5717557
1571,1571,0.9077955
1572,1572,0.3782794
1573,1573,0.9432248
1574,1574,0.8143812
1575,1575,0.579693
1576,1576,0.7023983
1577,1577,0.6922321
1578,1578,0.0502555
1579,1579,0.3558356
1580,1580,0.3123123
1581,1581,0.1258065
1582,1582,0.7944444
1583,1583,0.3267306
1584,1584,0.440316
1585,1585,0.4564651
1586,1586,0.6922321
1587,1587,0.9432248
1588,1588,0.8143812
1589,1589,0.4630045
1590,1590,0.1451373
1591,1591,0.06896552
1592,1592,0.7084296
1593,1593,0.1218735
1594,1594,0.7255612
1595,1595,0.7277177
1596,1596,0.9258046
1597,1597,0.6922321
1598,1598,0.5717557
1599,1599,0.9808777
1600,1600,0.9432248
1601,1601,0.9471746
1602,1602,0.5367418
1603,1603,0.5299217
1604,1604,0.7944444
1605,1605,0.9077955
1606,1606,0.5717557
1607,1607,0.7944444
1608,1608,0.690013
1609,1609,0.6427481
1610,1610,0.7255612
1611,1611,0.2288928
1612,1612,0.7250015
1613,1613,0.6922321
1614,1614,0.8398533
1615,1615,0.3782794
1616,1616,0.3283072
1617,1617,0.7385965
1618,1618,0.112621
1619,1619,0.9056381
1620,1620,0.7944444
1621,1621,0.4914762
1622,1622,0.4914762
1623,1623,0.7944444
1624,1624,0.6234314
1625,1625,0.8143812
1626,1626,0.3130326
1627,1627,0.3782794
1628,1628,0.6920168
1629,1629,0.4589101
1630,1630,0.4279551
1631,1631,0.690013
1632,1632,0.4630045
1633,1633,0.9432248
1634,1634,0.417953
1635,1635,0.357621
1636,1636,0.9022288
1637,1637,0.4914762
1638,1638,0.7070534
1639,1639,0.690013
1640,1640,0.690013
1641,1641,0.5717557
1642,1642,0.690013
1643,1643,0.1258065
1644,1644,0.6571717
1645,1645,0.9432248
1646,1646,0.1513525
1647,1647,0.5721267
1648,1648,0.9077955
1649,1649,0.8313795
1650,1650,0.9077955
1651,1651,0.7255612
1652,1652,0.9077955
1653,1653,0.5717557
1654,1654,0.9077955
1655,1655,0.3782794
1656,1656,0.193515
1657,1657,0.6427481
1658,1658,0.5766389
1659,1659,0.3135498
1660,1660,0.03156896
1661,1661,0.579693
1662,1662,0.2001486
1663,1663,0.7197581
1664,1664,0.1287914
1665,1665,0.8398533
1666,1666,0.711239
1667,1667,0.9077955
1668,1668,0.06896552
1669,1669,0.7944444
1670,1670,0.8197632
1671,1671,0.5717557
1672,1672,0.5717557
1673,1673,0.4737645
1674,1674,0.3782794
1675,1675,0.72346
1676,1676,0.8143812
1677,1677,0.9432248
1678,1678,0.7649919
1679,1679,0.03411037
1680,1680,0.7255612
1681,1681,0.8667496
1682,1682,0.6247844
1683,1683,0.6189036
1684,1684,0.5717557
1685,1685,0.5771753
1686,1686,0.691758
1687,1687,0.6922321
1688,1688,0.7517632
1689,1689,0.8398533
1690,1690,0.9077955
1691,1691,0.7197581
1692,1692,0.9432248
1693,1693,0.06896552
1694,1694,0.4161946
1695,1695,0.6675887
1696,1696,0.9077955
1697,1697,0.5717557
1698,1698,0.4630045
1699,1699,0.07319953
1700,1700,0.6779233
1701,1701,0.4630045
1702,1702,0.9077955
1703,1703,0.8933774
1704,1704,0.3133761
1705,1705,0.690013
1706,1706,0.7197581
1707,1707,0.4914762
1708,1708,0.690013
1709,1709,0.5745151
1710,1710,0.08612006
1711,1711,0.06947462
1712,1712,0.8398533
1713,1713,0.07163922
1714,1714,0.9432248
1715,1715,0.5717557
1716,1716,0.06896552
1717,1717,0.7649919
1718,1718,0.3786689
1719,1719,0.0705729
1720,1720,0.9077955
1721,1721,0.9077955
1722,1722,0.2544883
1723,1723,0.9432248
1724,1724,0.1258065
1725,1725,0.9045789
1726,1726,0.0713575
1727,1727,0.7255612
1728,1728,0.03461841
1729,1729,0.3782794
1730,1730,0.9284047
1731,1731,0.690013
1732,1732,0.6408386
1733,1733,0.8668033
1734,1734,0.7308085
1735,1735,0.7941449
1736,1736,0.06896552
1737,1737,0.6922321
1738,1738,0.8810719
1739,1739,0.9862174
1740,1740,0.9720831
1741,1741,0.9040163
1742,1742,0.1251242
1743,1743,0.4914762
1744,1744,0.2200021
1745,1745,0.2574842
1746,1746,0.9650464
1747,1747,0.9077955
1748,1748,0.9077955
1749,1749,0.1255664
1750,1750,0.3025997
1751,1751,0.5324173
1752,1752,0.7255612
1753,1753,0.8153412
1754,1754,0.7046592
1755,1755,0.1258065
1756,1756,0.9761105
1757,1757,0.7255612
1758,1758,0.6922321
1759,1759,0.579693
1760,1760,0.7255612
1761,1761,0.9060104
1762,1762,0.4914762
1763,1763,0.7255612
1764,1764,0.5857068
1765,1765,0.7944444
1766,1766,0.7255612
1767,1767,0.1647936
1768,1768,0.9432248
1769,1769,0.8067728
1770,1770,0.2458352
1771,1771,0.5744951
1772,1772,0.1957734
1773,1773,0.1541924
1774,1774,0.3782794
1775,1775,0.3782794
1776,1776,0.5780796
1777,1777,0.9077955
1778,1778,0.8264983
1779,1779,0.959976
1780,1780,0.9402574
1781,1781,0.3135498
1782,1782,0.7177106
1783,1783,0.9432248
1784,1784,0.06896552
1785,1785,0.9077955
1786,1786,0.6918877
1787,1787,0.5261018
1788,1788,0.9590329
1789,1789,0.976432
1790,1790,0.07319953
1791,1791,0.9825963
1792,1792,0.5717557
1793,1793,0.7255612
1794,1794,0.5717557
1795,1795,0.8398533
1796,1796,0.7944444
1797,1797,0.6427481
1798,1798,0.6922321
1799,1799,0.5717557
1800,1800,0.6427481
1801,1801,0.4914762
1802,1802,0.9364427
1803,1803,0.06896552
1804,1804,0.4890044
1805,1805,0.3846902
1806,1806,0.4876412
1807,1807,0.5809777
1808,1808,0.140967
1809,1809,0.6770474
1810,1810,0.8220727
1811,1811,0.4914762
1812,1812,0.9432248
1813,1813,0.4914762
1814,1814,0.6915246
1815,1815,0.03461841
1816,1816,0.1258065
1817,1817,0.879083
1818,1818,0.2444062
1819,1819,0.9481797
1820,1820,0.7944444
1821,1821,0.5780897
1822,1822,0.1258065
1823,1823,0.7385965
1824,1824,0.07319953
1825,1825,0.7750553
1826,1826,0.7255612
1827,1827,0.07319953
1828,1828,0.8382655
1829,1829,0.3364506
1830,1830,0.9475096
1831,1831,0.2375629
1832,1832,0.9077955
1833,1833,0.7385965
1834,1834,0.7753431
1835,1835,0.528834
1836,1836,0.9862174
1837,1837,0.5797346
1838,1838,0.7944444
1839,1839,0.3139201
1840,1840,0.8143812
1841,1841,0.7944444
1842,1842,0.1608636
1843,1843,0.5778326
1844,1844,0.7255612
1845,1845,0.130115
1846,1846,0.0207873
1847,1847,0.9868674
1848,1848,0.579693
1849,1849,0.9347383
1850,1850,0.9432248
1851,1851,0.3782794
1852,1852,0.7255612
1853,1853,0.8968659
1854,1854,0.595309
1855,1855,0.6330624
1856,1856,0.6427481
1857,1857,0.08645821
1858,1858,0.8398533
1859,1859,0.4914762
1860,1860,0.3135498
1861,1861,0.6427481
1862,1862,0.4329037
1863,1863,0.8094519
1864,1864,0.1901341
1865,1865,0.9432248
1866,1866,0.4916541
1867,1867,0.630591
1868,1868,0.6491119
1869,1869,0.7530149
1870,1870,0.03461841
1871,1871,0.246617
1872,1872,0.1324854
1873,1873,0.7944444
1874,1874,0.690013
1875,1875,0.9432248
1876,1876,0.3782794
1877,1877,0.8143812
1878,1878,0.690013
1879,1879,0.662841
1880,1880,0.07319953
1881,1881,0.8398533
1882,1882,0.9432248
1883,1883,0.03461841
1884,1884,0.7255612
1885,1885,0.7603229
1886,1886,0.1242334
1887,1887,0.6424759
1888,1888,0.690013
1889,1889,0.6346095
1890,1890,0.9077955
1891,1891,0.1399277
1892,1892,0.1723753
1893,1893,0.6750039
1894,1894,0.690013
1895,1895,0.2063925
1896,1896,0.5727555
1897,1897,0.6042782
1898,1898,0.2872762
1899,1899,0.1258065
1900,1900,0.7454281
1901,1901,0.02824089
1902,1902,0.09669013
1903,1903,0.9077955
1904,1904,0.7944444
1905,1905,0.03461841
1906,1906,0.7944444
1907,1907,0.7944444
1908,1908,0.06896552
1909,1909,0.7944444
1910,1910,0.2220229
1911,1911,0.7077993
1912,1912,0.3782794
1913,1913,0.7944444
1914,1914,0.3782794
1915,1915,0.155406
1916,1916,0.8398533
1917,1917,0.4143966
1918,1918,0.5717557
1919,1919,0.7944444
1920,1920,0.8143812
1921,1921,0.4914762
1922,1922,0.2241134
1923,1923,0.5717557
1924,1924,0.9915129
1925,1925,0.4914762
1926,1926,0.7255612
1927,1927,0.4114363
1928,1928,0.1316381
1929,1929,0.9862174
1930,1930,0.9077955
1931,1931,0.4914762
1932,1932,0.7944444
1933,1933,0.7944444
1934,1934,0.6427481
1935,1935,0.8143812
1936,1936,0.7207438
1937,1937,0.2597879
1938,1938,0.8398533
1939,1939,0.6922321
1940,1940,0.579693
1941,1941,0.690013
1942,1942,0.5290006
1943,1943,0.7944444
1944,1944,0.06896552
1945,1945,0.9077955
1946,1946,0.9432248
1947,1947,0.5717557
1948,1948,0.5261018
1949,1949,0.4785912
1950,1950,0.387202
1951,1951,0.6922321
1952,1952,0.5145046
1953,1953,0.7255612
1954,1954,0.7649919
1955,1955,0.6203086
1956,1956,0.5747468
1957,1957,0.7944444
1958,1958,0.690013
1959,1959,0.6720338
1960,1960,0.7944444
1961,1961,0.1324053
1962,1962,0.9432248
1963,1963,0.3386018
1964,1964,0.7255612
1965,1965,0.6977409
1966,1966,0.8398533
1967,1967,0.7610313
1968,1968,0.7255612
1969,1969,0.6427481
1970,1970,0.5635731
1971,1971,0.4438056
1972,1972,0.4914762
1973,1973,0.6922321
1974,1974,0.7649919
1975,1975,0.03461841
1976,1976,0.9077955
1977,1977,0.9077955
1978,1978,0.8143812
1979,1979,0.9077955
1980,1980,0.579693
1981,1981,0.2050243
1982,1982,0.7944444
1983,1983,0.8218331
1984,1984,0.244657
1985,1985,0.3782794
1986,1986,0.07319953
1987,1987,0.579693
1988,1988,0.7255612
1989,1989,0.3127544
1990,1990,0.9463268
1991,1991,0.6012231
1992,1992,0.9077955
1993,1993,0.7255612
1994,1994,0.9077243
1995,1995,0.9526562
1996,1996,0.7255612
1997,1997,0.7060895
1998,1998,0.7944444
1999,1999,0.9077955
2000,2000,0.9077955
2001,2001,0.7964273
2002,2002,0.5717557
2003,2003,0.3135498
2004,2004,0.2186207
2005,2005,0.3130717
2006,2006,0.4914762
2007,2007,0.5717557
2008,2008,0.1128745
2009,2009,0.3782794
2010,2010,0.7944444
2011,2011,0.5717557
2012,2012,0.07319953
2013,2013,0.7317831
2014,2014,0.7405182
2015,2015,0.8566746
2016,2016,0.9862174
2017,2017,0.5717557
2018,2018,0.9077955
2019,2019,0.7255612
2020,2020,0.8802752
2021,2021,0.8924976
2022,2022,0.691658
2023,2023,0.7229857
2024,2024,0.690013
2025,2025,0.8398533
2026,2026,0.6254485
2027,2027,0.1258065
2028,2028,0.8485524
2029,2029,0.5415981
2030,2030,0.3135498
2031,2031,0.3464772
2032,2032,0.9077955
2033,2033,0.8143812
2034,2034,0.9077955
2035,2035,0.3782794
2036,2036,0.8398533
2037,2037,0.3782794
2038,2038,0.6557969
2039,2039,0.5800735
2040,2040,0.3285002
2041,2041,0.9432248
2042,2042,0.7385965
2043,2043,0.04854935
2044,2044,0.7197581
2045,2045,0.7944444
2046,2046,0.690388
2047,2047,0.8143812
2048,2048,0.690013
2049,2049,0.690013
2050,2050,0.03461841
2051,2051,0.120164
2052,2052,0.8143812
2053,2053,0.9760936
2054,2054,0.8706794
2055,2055,0.7255612
2056,2056,0.7255612
2057,2057,0.4415399
2058,2058,0.3131915
2059,2059,0.7255612
2060,2060,0.7255612
2061,2061,0.06896552
2062,2062,0.5766389
2063,2063,0.3073466
2064,2064,0.7255612
2065,2065,0.579693
2066,2066,0.8143812
2067,2067,0.7385965
2068,2068,0.9077955
2069,2069,0.3782794
2070,2070,0.7941006
2071,2071,0.9432248
2072,2072,0.7255612
2073,2073,0.219617
2074,2074,0.690013
2075,2075,0.8398533
2076,2076,0.7247199
2077,2077,0.3501117
2078,2078,0.9077955
2079,2079,0.9077955
2080,2080,0.4089477
2081,2081,0.4571086
2082,2082,0.1247143
2083,2083,0.8143812
2084,2084,0.4306771
2085,2085,0.1258065
2086,2086,0.7385965
2087,2087,0.5717557
2088,2088,0.3132218
2089,2089,0.7649919
2090,2090,0.6418107
2091,2091,0.753805
2092,2092,0.7944444
2093,2093,0.5739507
2094,2094,0.7255612
2095,2095,0.9432248
2096,2096,0.3123658
2097,2097,0.7649919
2098,2098,0.3841019
2099,2099,0.9077955
2100,2100,0.3124537
2101,2101,0.7944444
2102,2102,0.7281298
2103,2103,0.7368972
2104,2104,0.4045029
2105,2105,0.9758394
2106,2106,0.06990226
2107,2107,0.7649919
2108,2108,0.6988146
2109,2109,0.225103
2110,2110,0.5717557
2111,2111,0.7325822
2112,2112,0.3127509
2113,2113,0.8666726
2114,2114,0.9432248
2115,2115,0.7385965
2116,2116,0.690013
2117,2117,0.07319953
2118,2118,0.2199916
2119,2119,0.4914762
2120,2120,0.3135498
2121,2121,0.03461841
2122,2122,0.9025524
2123,2123,0.8143812
2124,2124,0.3135498
2125,2125,0.6922321
2126,2126,0.6427481
2127,2127,0.6285512
2128,2128,0.7944444
2129,2129,0.8667384
2130,2130,0.3782794
2131,2131,0.579693
2132,2132,0.9077955
2133,2133,0.7517632
2134,2134,0.222436
2135,2135,0.7255612
2136,2136,0.4630045
2137,2137,0.7944444
2138,2138,0.7255612
2139,2139,0.07134787
2140,2140,0.7255612
2141,2141,0.6427481
2142,2142,0.5717557
2143,2143,0.1206875
2144,2144,0.2576579
2145,2145,0.7255612
2146,2146,0.3819
2147,2147,0.9763545
2148,2148,0.2264476
2149,2149,0.03461841
2150,2150,0.7427151
2151,2151,0.4335263
2152,2152,0.7255612
2153,2153,0.07319953
2154,2154,0.7255612
2155,2155,0.9077955
2156,2156,0.7944444
2157,2157,0.1722692
2158,2158,0.9432248
2159,2159,0.8398533
2160,2160,0.6931536
2161,2161,0.8372207
2162,2162,0.6013511
2163,2163,0.7197581
2164,2164,0.3782794
2165,2165,0.5717557
2166,2166,0.7944444
2167,2167,0.7197581
2168,2168,0.4630045
2169,2169,0.4877537
2170,2170,0.06896552
2171,2171,0.7255612
2172,2172,0.1280524
2173,2173,0.7255612
2174,2174,0.7255612
2175,2175,0.8143812
2176,2176,0.2431322
2177,2177,0.0199005
2178,2178,0.7847057
2179,2179,0.9077955
2180,2180,0.985769
2181,2181,0.2142047
2182,2182,0.03213915
2183,2183,0.943916
2184,2184,0.7255612
2185,2185,0.3782794
2186,2186,0.7317831
2187,2187,0.07319953
2188,2188,0.9077955
2189,2189,0.2291972
2190,2190,0.3135498
2191,2191,0.7322113
2192,2192,0.6901313
2193,2193,0.7258309
2194,2194,0.7944444
2195,2195,0.7944444
2196,2196,0.9077955
2197,2197,0.3867613
2198,2198,0.7255612
2199,2199,0.9432248
2200,2200,0.3782794
2201,2201,0.7944444
2202,2202,0.6922321
2203,2203,0.03461841
2204,2204,0.3127417
2205,2205,0.7197581
2206,2206,0.4630045
2207,2207,0.7944444
2208,2208,0.8668033
2209,2209,0.866671
2210,2210,0.7385965
2211,2211,0.5822414
2212,2212,0.7225803
2213,2213,0.5717557
2214,2214,0.7944444
2215,2215,0.7944444
2216,2216,0.7649919
2217,2217,0.06988839
2218,2218,0.7255612
2219,2219,0.5139361
2220,2220,0.7197581
2221,2221,0.1140761
2222,2222,0.2127668
2223,2223,0.6922321
2224,2224,0.7339839
2225,2225,0.8667895
2226,2226,0.690013
2227,2227,0.6296241
2228,2228,0.07419658
2229,2229,0.9077955
2230,2230,0.6070835
2231,2231,0.7255612
2232,2232,0.647949
2233,2233,0.9077955
2234,2234,0.9077955
2235,2235,0.9077955
2236,2236,0.9482166
2237,2237,0.7944444
2238,2238,0.9077955
2239,2239,0.6901509
2240,2240,0.1258065
2241,2241,0.8126394
2242,2242,0.1247102
2243,2243,0.7255612
2244,2244,0.9004869
2245,2245,0.9432248
2246,2246,0.3782794
2247,2247,0.9432248
2248,2248,0.815881
2249,2249,0.3135498
2250,2250,0.8143812
2251,2251,0.3782794
2252,2252,0.7395706
2253,2253,0.03233296
2254,2254,0.7255612
2255,2255,0.03461841
2256,2256,0.5717557
2257,2257,0.9432248
2258,2258,0.8398533
2259,2259,0.9077955
2260,2260,0.9432248
2261,2261,0.8843087
2262,2262,0.9077955
2263,2263,0.7197581
2264,2264,0.1258065
2265,2265,0.690013
2266,2266,0.9077955
2267,2267,0.690013
2268,2268,0.9056998
2269,2269,0.03461841
2270,2270,0.9881732
2271,2271,0.1249766
2272,2272,0.7944444
2273,2273,0.1186826
2274,2274,0.690013
2275,2275,0.5717557
2276,2276,0.3135498
2277,2277,0.7944444
2278,2278,0.7944444
2279,2279,0.8143812
2280,2280,0.5758328
2281,2281,0.3123144
2282,2282,0.579693
2283,2283,0.6427481
2284,2284,0.9432248
2285,2285,0.1525102
2286,2286,0.6408927
2287,2287,0.9481108
2288,2288,0.2304191
2289,2289,0.7197581
2290,2290,0.6427481
2291,2291,0.1258065
2292,2292,0.7197581
2293,2293,0.5208791
2294,2294,0.7255612
2295,2295,0.9884524
2296,2296,0.9432248
2297,2297,0.4664563
2298,2298,0.729857
2299,2299,0.7215754
2300,2300,0.3058221
2301,2301,0.7255612
2302,2302,0.03461841
2303,2303,0.4914762
2304,2304,0.690013
2305,2305,0.9077955
2306,2306,0.5717557
2307,2307,0.1251554
2308,2308,0.1474471
2309,2309,0.6300901
2310,2310,0.6639767
2311,2311,0.6922321
2312,2312,0.4128765
2313,2313,0.7197581
2314,2314,0.3125463
2315,2315,0.8143812
2316,2316,0.9077955
2317,2317,0.7385965
2318,2318,0.8143812
2319,2319,0.7944444
2320,2320,0.9503509
2321,2321,0.579693
2322,2322,0.8183097
2323,2323,0.8491457
2324,2324,0.4914762
2325,2325,0.9862174
2326,2326,0.3782794
2327,2327,0.6922321
2328,2328,0.8163825
2329,2329,0.5951749
2330,2330,0.9077955
2331,2331,0.6381485
2332,2332,0.9815136
2333,2333,0.463621
2334,2334,0.5717557
2335,2335,0.7385965
2336,2336,0.9149457
2337,2337,0.4914762
2338,2338,0.1077435
2339,2339,0.8398533
2340,2340,0.07319953
2341,2341,0.03975118
2342,2342,0.6427481
2343,2343,0.96069
2344,2344,0.9763338
2345,2345,0.07319953
2346,2346,0.579693
2347,2347,0.8668033
2348,2348,0.9077955
2349,2349,0.3125763
2350,2350,0.8143812
2351,2351,0.06917593
2352,2352,0.839828
2353,2353,0.5717557
2354,2354,0.3782794
2355,2355,0.3028532
2356,2356,0.4605258
2357,2357,0.7517645
2358,2358,0.7385965
2359,2359,0.8054211
2360,2360,0.5769736
2361,2361,0.7944444
2362,2362,0.9077955
2363,2363,0.7944444
2364,2364,0.1240133
2365,2365,0.6922321
2366,2366,0.5717557
2367,2367,0.9867399
2368,2368,0.6334656
2369,2369,0.3782794
2370,2370,0.3555654
2371,2371,0.6451719
2372,2372,0.5344194
2373,2373,0.6294265
2374,2374,0.7713484
2375,2375,0.9887429
2376,2376,0.3888969
2377,2377,0.5717557
2378,2378,0.900518
2379,2379,0.7385965
2380,2380,0.7156773
2381,2381,0.7944444
2382,2382,0.03461841
2383,2383,0.06911505
2384,2384,0.4914762
2385,2385,0.690013
2386,2386,0.07319953
2387,2387,0.9077955
2388,2388,0.690013
2389,2389,0.7944444
2390,2390,0.9077955
2391,2391,0.9077955
2392,2392,0.7428112
2393,2393,0.6309155
2394,2394,0.9222942
2395,2395,0.8143812
2396,2396,0.03461841
2397,2397,0.9077955
2398,2398,0.1146417
2399,2399,0.4914762
2400,2400,0.06896552
2401,2401,0.1258065
2402,2402,0.07217679
2403,2403,0.7197581
2404,2404,0.7297683
2405,2405,0.7385965
2406,2406,0.6427481
2407,2407,0.5717557
2408,2408,0.9503161
2409,2409,0.8027077
2410,2410,0.6922321
2411,2411,0.9876228
2412,2412,0.9512512
2413,2413,0.2152329
2414,2414,0.4914762
2415,2415,0.6236036
2416,2416,0.5717557
2417,2417,0.03461841
2418,2418,0.9077955
2419,2419,0.9432248
2420,2420,0.3782794
2421,2421,0.9077955
2422,2422,0.3981808
2423,2423,0.8143812
2424,2424,0.8143812
2425,2425,0.7944444
2426,2426,0.9077955
2427,2427,0.9077955
2428,2428,0.7385965
2429,2429,0.9195941
2430,2430,0.9308285
2431,2431,0.5717557
2432,2432,0.6916327
2433,2433,0.786873
2434,2434,0.7023524
2435,2435,0.7944444
2436,2436,0.7494838
2437,2437,0.7255612
2438,2438,0.5726977
2439,2439,0.7255612
2440,2440,0.9825963
2441,2441,0.3051612
2442,2442,0.3782794
2443,2443,0.9335625
2444,2444,0.7255612
2445,2445,0.7160804
2446,2446,0.7411311
2447,2447,0.8491446
2448,2448,0.7385965
2449,2449,0.9795899
2450,2450,0.5409588
2451,2451,0.07632796
2452,2452,0.8141463
2453,2453,0.1342029
2454,2454,0.9862174
2455,2455,0.6427481
2456,2456,0.9432248
2457,2457,0.8992007
2458,2458,0.6905077
2459,2459,0.1369286
2460,2460,0.454514
2461,2461,0.720459
2462,2462,0.5717557
2463,2463,0.1258065
2464,2464,0.7223972
2465,2465,0.8189425
2466,2466,0.7197581
2467,2467,0.8428278
2468,2468,0.6826565
2469,2469,0.07257984
2470,2470,0.690013
2471,2471,0.3131732
2472,2472,0.5717557
2473,2473,0.8398533
2474,2474,0.3782794
2475,2475,0.7965158
2476,2476,0.86668
2477,2477,0.7255612
2478,2478,0.9077955
2479,2479,0.5756013
2480,2480,0.7944444
2481,2481,0.7649919
2482,2482,0.3808647
2483,2483,0.1403434
2484,2484,0.5470105
2485,2485,0.2546651
2486,2486,0.9077955
2487,2487,0.8143812
2488,2488,0.8398533
2489,2489,0.725665
2490,2490,0.9077955
2491,2491,0.5717557
2492,2492,0.9432248
2493,2493,0.3782794
2494,2494,0.7197581
2495,2495,0.5764284
2496,2496,0.4914762
2497,2497,0.690013
2498,2498,0.8398533
2499,2499,0.8398533
2500,2500,0.9077955
2501,2501,0.9077955
2502,2502,0.4118696
2503,2503,0.7385965
2504,2504,0.4543151
2505,2505,0.4325334
2506,2506,0.9077955
2507,2507,0.4914762
2508,2508,0.06896552
2509,2509,0.6427481
2510,2510,0.7385965
2511,2511,0.03461841
2512,2512,0.3125298
2513,2513,0.07319953
2514,2514,0.1135971
2515,2515,0.690013
2516,2516,0.9432248
2517,2517,0.195854
2518,2518,0.7944444
2519,2519,0.904842
2520,2520,0.5717557
2521,2521,0.7944444
2522,2522,0.6922321
2523,2523,0.7255612
2524,2524,0.7197581
2525,2525,0.8398533
2526,2526,0.9077955
2527,2527,0.8729808
2528,2528,0.5717557
2529,2529,0.9136533
2530,2530,0.3056773
2531,2531,0.8666866
2532,2532,0.3095653
2533,2533,0.5717557
2534,2534,0.572942
2535,2535,0.8394276
2536,2536,0.06896552
2537,2537,0.7050251
2538,2538,0.4914762
2539,2539,0.07319953
2540,2540,0.7649919
2541,2541,0.690013
2542,2542,0.03993576
2543,2543,0.946424
2544,2544,0.9077955
2545,2545,0.7255612
2546,2546,0.3135498
2547,2547,0.9077955
2548,2548,0.3782794
2549,2549,0.3131407
2550,2550,0.9261549
2551,2551,0.8586719
2552,2552,0.6922321
2553,2553,0.03575113
2554,2554,0.03461841
2555,2555,0.3011592
2556,2556,0.579693
2557,2557,0.7252876
2558,2558,0.690013
2559,2559,0.5717557
2560,2560,0.779972
2561,2561,0.03461841
2562,2562,0.5717557
2563,2563,0.7255612
2564,2564,0.07860203
2565,2565,0.579693
2566,2566,0.641728
2567,2567,0.4914762
2568,2568,0.9077955
2569,2569,0.512351
2570,2570,0.3135498
2571,2571,0.4914762
2572,2572,0.9145005
2573,2573,0.7255612
2574,2574,0.8910933
2575,2575,0.9077955
2576,2576,0.6950422
2577,2577,0.07319953
2578,2578,0.9432248
2579,2579,0.9432248
2580,2580,0.8398533
2581,2581,0.7255612
2582,2582,0.6534783
2583,2583,0.3532715
2584,2584,0.07319953
2585,2585,0.6916136
2586,2586,0.1249908
2587,2587,0.8667119
2588,2588,0.1202027
2589,2589,0.7649919
2590,2590,0.9432248
2591,2591,0.7385965
2592,2592,0.690013
2593,2593,0.7649919
2594,2594,0.9432248
2595,2595,0.6624252
2596,2596,0.9758461
2597,2597,0.579693
2598,2598,0.3135498
2599,2599,0.9077955
2600,2600,0.6427481
2601,2601,0.9077955
2602,2602,0.63905
2603,2603,0.6327041
2604,2604,0.5717557
2605,2605,0.7385965
2606,2606,0.1349265
2607,2607,0.5725859
2608,2608,0.5717557
2609,2609,0.7255612
2610,2610,0.742623
2611,2611,0.7944444
2612,2612,0.2208888
2613,2613,0.9077955
2614,2614,0.9077955
2615,2615,0.9077955
2616,2616,0.1331537
2617,2617,0.312738
2618,2618,0.9077955
2619,2619,0.8143812
2620,2620,0.9407611
2621,2621,0.7617698
2622,2622,0.579693
2623,2623,0.9432248
2624,2624,0.6427481
2625,2625,0.6922321
2626,2626,0.9077955
2627,2627,0.313362
2628,2628,0.4914762
2629,2629,0.579693
2630,2630,0.7255612
2631,2631,0.5717557
2632,2632,0.08256948
2633,2633,0.03461841
2634,2634,0.1258065
2635,2635,0.1176351
2636,2636,0.06896552
2637,2637,0.3301111
2638,2638,0.5717557
2639,2639,0.7222005
2640,2640,0.7255612
2641,2641,0.9077955
2642,2642,0.7944444
2643,2643,0.9284259
2644,2644,0.9496507
2645,2645,0.08605812
2646,2646,0.6922321
2647,2647,0.7655273
2648,2648,0.9461381
2649,2649,0.7115467
2650,2650,0.1258065
2651,2651,0.9804333
2652,2652,0.7197581
2653,2653,0.9435647
2654,2654,0.2972873
2655,2655,0.6427481
2656,2656,0.1258065
2657,2657,0.9463268
2658,2658,0.1931896
2659,2659,0.6922321
2660,2660,0.579693
2661,2661,0.1258065
2662,2662,0.7370892
2663,2663,0.7255612
2664,2664,0.06896552
2665,2665,0.7842296
2666,2666,0.8143812
2667,2667,0.8668033
2668,2668,0.6427481
2669,2669,0.06896552
2670,2670,0.8305473
2671,2671,0.136041
2672,2672,0.9335625
2673,2673,0.5377837
2674,2674,0.8588201
2675,2675,0.3796552
2676,2676,0.5843052
2677,2677,0.6922321
2678,2678,0.7944444
2679,2679,0.03443779
2680,2680,0.9077955
2681,2681,0.6427481
2682,2682,0.8667942
2683,2683,0.9557434
2684,2684,0.5781148
2685,2685,0.7649919
2686,2686,0.06896552
2687,2687,0.7255612
2688,2688,0.769115
2689,2689,0.4630045
2690,2690,0.4638003
2691,2691,0.690013
2692,2692,0.8398533
2693,2693,0.3782794
2694,2694,0.9007667
2695,2695,0.7944444
2696,2696,0.9077955
2697,2697,0.5461597
2698,2698,0.6597421
2699,2699,0.9432248
2700,2700,0.5762966
2701,2701,0.8668033
2702,2702,0.0199005
2703,2703,0.9432248
2704,2704,0.6237414
2705,2705,0.7944444
2706,2706,0.03461841
2707,2707,0.4914762
2708,2708,0.7255612
2709,2709,0.9077955
2710,2710,0.3225514
2711,2711,0.4630045
2712,2712,0.05855918
2713,2713,0.3523173
2714,2714,0.9077955
2715,2715,0.7543777
2716,2716,0.6922321
2717,2717,0.3782794
2718,2718,0.5933775
2719,2719,0.3130668
2720,2720,0.1624698
2721,2721,0.9077955
2722,2722,0.08098541
2723,2723,0.8398533
2724,2724,0.7944444
2725,2725,0.5928581
2726,2726,0.3782794
2727,2727,0.7333177
2728,2728,0.4119934
2729,2729,0.9432248
2730,2730,0.7944444
2731,2731,0.9077955
2732,2732,0.6907181
2733,2733,0.2598958
2734,2734,0.6922321
2735,2735,0.8933595
2736,2736,0.7197581
2737,2737,0.7404987
2738,2738,0.9765486
2739,2739,0.3782794
2740,2740,0.07007368
2741,2741,0.9077955
2742,2742,0.1258065
2743,2743,0.7251401
2744,2744,0.723342
2745,2745,0.3135498
2746,2746,0.7255612
2747,2747,0.3135498
2748,2748,0.9077955
2749,2749,0.7649919
2750,2750,0.4914762
2751,2751,0.5717557
2752,2752,0.6026076
2753,2753,0.4841684
2754,2754,0.03461841
2755,2755,0.7255612
2756,2756,0.9077955
2757,2757,0.6427481
2758,2758,0.5531104
2759,2759,0.5755242
2760,2760,0.5624369
2761,2761,0.7197581
2762,2762,0.3473326
2763,2763,0.5717557
2764,2764,0.3782794
2765,2765,0.4630045
2766,2766,0.9432248
2767,2767,0.7255612
2768,2768,0.6062412
2769,2769,0.9186415
2770,2770,0.7442347
2771,2771,0.7944444
2772,2772,0.7649919
2773,2773,0.632996
2774,2774,0.4914762
2775,2775,0.9432248
2776,2776,0.7255612
2777,2777,0.7255612
2778,2778,0.9432248
2779,2779,0.9077955
2780,2780,0.9432248
2781,2781,0.1515055
2782,2782,0.6922321
2783,2783,0.1943676
2784,2784,0.5717557
2785,2785,0.690013
2786,2786,0.635004
2787,2787,0.2126154
2788,2788,0.7370001
2789,2789,0.9432248
2790,2790,0.313183
2791,2791,0.7255612
2792,2792,0.1258065
2793,2793,0.8831245
2794,2794,0.9824578
2795,2795,0.4630045
2796,2796,0.8667653
2797,2797,0.4914762
2798,2798,0.8260744
2799,2799,0.1258065
2800,2800,0.1068421
2801,2801,0.1145282
2802,2802,0.5726017
2803,2803,0.8668033
2804,2804,0.9432248
2805,2805,0.9862174
2806,2806,0.9077955
2807,2807,0.6465796
2808,2808,0.690013
2809,2809,0.7649919
2810,2810,0.3782794
2811,2811,0.579693
2812,2812,0.6427481
2813,2813,0.6427481
2814,2814,0.9077955
2815,2815,0.9077955
2816,2816,0.6902177
2817,2817,0.4669921
2818,2818,0.9077955
2819,2819,0.9077955
2820,2820,0.5717557
2821,2821,0.6427481
2822,2822,0.579693
2823,2823,0.7255612
2824,2824,0.605079
2825,2825,0.7255612
2826,2826,0.5881813
2827,2827,0.1346367
2828,2828,0.4027541
2829,2829,0.9862174
2830,2830,0.2247324
2831,2831,0.9432248
2832,2832,0.7255612
2833,2833,0.5596647
2834,2834,0.5717557
2835,2835,0.7231993
2836,2836,0.225416
2837,2837,0.7649919
2838,2838,0.5331028
2839,2839,0.690013
2840,2840,0.3070778
2841,2841,0.9432248
2842,2842,0.9077955
2843,2843,0.6427481
2844,2844,0.4630045
2845,2845,0.07319953
2846,2846,0.6427481
2847,2847,0.3782794
2848,2848,0.7944444
2849,2849,0.03461841
2850,2850,0.9077955
2851,2851,0.3465123
2852,2852,0.4630045
2853,2853,0.08028034
2854,2854,0.9432248
2855,2855,0.0199005
2856,2856,0.5631408
2857,2857,0.7365749
2858,2858,0.3124409
2859,2859,0.9976477
2860,2860,0.2831426
2861,2861,0.8094519
2862,2862,0.6427481
2863,2863,0.07319953
2864,2864,0.06896552
2865,2865,0.5774728
2866,2866,0.2188625
2867,2867,0.9077955
2868,2868,0.4116805
2869,2869,0.9077955
2870,2870,0.119053
2871,2871,0.7385965
2872,2872,0.9432248
2873,2873,0.9077955
2874,2874,0.5717557
2875,2875,0.690013
2876,2876,0.7649919
2877,2877,0.3012732
2878,2878,0.3014851
2879,2879,0.4099725
2880,2880,0.8184184
2881,2881,0.9432248
2882,2882,0.9077955
2883,2883,0.9887429
2884,2884,0.4180919
2885,2885,0.2139252
2886,2886,0.9077955
2887,2887,0.313388
2888,2888,0.06896552
2889,2889,0.06896552
2890,2890,0.8029467
2891,2891,0.08017331
2892,2892,0.9452766
2893,2893,0.5717557
2894,2894,0.9077955
2895,2895,0.7649919
2896,2896,0.7649919
2897,2897,0.9862174
2898,2898,0.8566746
2899,2899,0.7229567
2900,2900,0.690013
2901,2901,0.5134825
2902,2902,0.9077955
2903,2903,0.4914762
2904,2904,0.1591895
2905,2905,0.7944444
2906,2906,0.6426611
2907,2907,0.4468705
2908,2908,0.5241605
2909,2909,0.9792062
2910,2910,0.7553625
2911,2911,0.9077955
2912,2912,0.6922321
2913,2913,0.5717557
2914,2914,0.7255612
2915,2915,0.8478486
2916,2916,0.9769689
2917,2917,0.06896552
2918,2918,0.579693
2919,2919,0.06896552
2920,2920,0.7255612
2921,2921,0.3782794
2922,2922,0.4914762
2923,2923,0.07319953
2924,2924,0.9432248
2925,2925,0.6816143
2926,2926,0.4914762
2927,2927,0.8073202
2928,2928,0.08555838
2929,2929,0.08995521
2930,2930,0.07319953
2931,2931,0.5350931
2932,2932,0.8292805
2933,2933,0.7385965
2934,2934,0.8351771
2935,2935,0.7649919
2936,2936,0.7326056
2937,2937,0.9077955
2938,2938,0.7399044
2939,2939,0.7944444
2940,2940,0.8841354
2941,2941,0.8211528
2942,2942,0.5717557
2943,2943,0.2756235
2944,2944,0.7938494
2945,2945,0.690013
2946,2946,0.9874671
2947,2947,0.3782794
2948,2948,0.7255612
2949,2949,0.5717557
2950,2950,0.5920535
2951,2951,0.9432248
2952,2952,0.3121736
2953,2953,0.9769847
2954,2954,0.5717557
2955,2955,0.9432248
2956,2956,0.1690069
2957,2957,0.9432248
2958,2958,0.03461841
2959,2959,0.5221195
2960,2960,0.9667351
2961,2961,0.07176623
2962,2962,0.2294768
2963,2963,0.9077955
2964,2964,0.7649919
2965,2965,0.1660156
2966,2966,0.8213849
2967,2967,0.6918393
2968,2968,0.09252471
2969,2969,0.9077955
2970,2970,0.9364427
2971,2971,0.7235866
2972,2972,0.866775
2973,2973,0.0271985
2974,2974,0.2190282
2975,2975,0.03461841
2976,2976,0.5717557
2977,2977,0.7255612
2978,2978,0.06896552
2979,2979,0.4914762
2980,2980,0.5892698
2981,2981,0.5717557
2982,2982,0.7251298
2983,2983,0.5762267
2984,2984,0.2366237
2985,2985,0.7954867
2986,2986,0.5717557
2987,2987,0.9077955
2988,2988,0.9432248
2989,2989,0.6427481
2990,2990,0.6348053
2991,2991,0.7255612
2992,2992,0.4914762
2993,2993,0.3008732
2994,2994,0.3135498
2995,2995,0.3135498
2996,2996,0.1187182
2997,2997,0.4914762
2998,2998,0.6922321
2999,2999,0.1258065
3000,3000,0.0199005
3001,3001,0.7255612
3002,3002,0.7255612
3003,3003,0.8996357
3004,3004,0.4914762
3005,3005,0.9077955
3006,3006,0.201143
3007,3007,0.7944444
3008,3008,0.1258065
3009,3009,0.9077955
3010,3010,0.9261549
3011,3011,0.3782794
3012,3012,0.7255612
3013,3013,0.03461841
3014,3014,0.03461841
3015,3015,0.5717557
3016,3016,0.6922321
3017,3017,0.5717557
3018,3018,0.7255612
3019,3019,0.6091462
3020,3020,0.1517028
3021,3021,0.2048205
3022,3022,0.8398533
3023,3023,0.6268872
3024,3024,0.5794656
3025,3025,0.5717557
3026,3026,0.8132306
3027,3027,0.9713243
3028,3028,0.5821058
3029,3029,0.7255612
3030,3030,0.3062374
3031,3031,0.4914762
3032,3032,0.7055804
3033,3033,0.9077955
3034,3034,0.1314205
3035,3035,0.7944444
3036,3036,0.1146973
3037,3037,0.7197581
3038,3038,0.06896552
3039,3039,0.9077955
3040,3040,0.4914762
3041,3041,0.7255612
3042,3042,0.1514044
3043,3043,0.4914762
3044,3044,0.8792541
3045,3045,0.6922321
3046,3046,0.6427481
3047,3047,0.04854935
3048,3048,0.9432248
3049,3049,0.7255612
3050,3050,0.5717557
3051,3051,0.7944444
3052,3052,0.9077955
3053,3053,0.8303859
3054,3054,0.9077955
3055,3055,0.4074405
3056,3056,0.9432248
3057,3057,0.8398533
3058,3058,0.8352186
3059,3059,0.2926373
3060,3060,0.7575178
3061,3061,0.7255612
3062,3062,0.7255612
3063,3063,0.9063708
3064,3064,0.9432248
3065,3065,0.7944444
3066,3066,0.4914762
3067,3067,0.7241788
3068,3068,0.579693
3069,3069,0.7192349
3070,3070,0.6343361
3071,3071,0.6922321
3072,3072,0.2478809
3073,3073,0.690013
3074,3074,0.7649919
3075,3075,0.9793541
3076,3076,0.07251048
3077,3077,0.6427481
3078,3078,0.9877776
3079,3079,0.6107776
3080,3080,0.6922321
3081,3081,0.9077955
3082,3082,0.7216233
3083,3083,0.7385965
3084,3084,0.9077955
3085,3085,0.3782794
3086,3086,0.07043134
3087,3087,0.6675887
3088,3088,0.1151956
3089,3089,0.06901512
3090,3090,0.7255612
3091,3091,0.7649919
3092,3092,0.4173871
3093,3093,0.3671333
3094,3094,0.9077955
3095,3095,0.03834937
3096,3096,0.4630045
3097,3097,0.4914762
3098,3098,0.7944444
3099,3099,0.892963
3100,3100,0.9077955
3101,3101,0.9077955
3102,3102,0.5717557
3103,3103,0.690013
3104,3104,0.4914762
3105,3105,0.8667421
3106,3106,0.1256958
3107,3107,0.7944444
3108,3108,0.9077955
3109,3109,0.8143812
3110,3110,0.3135498
3111,3111,0.1164597
3112,3112,0.2265681
3113,3113,0.1251072
3114,3114,0.7418611
3115,3115,0.7556663
3116,3116,0.9338001
3117,3117,0.7649919
3118,3118,0.7255612
3119,3119,0.5717557
3120,3120,0.959976
3121,3121,0.1144842
3122,3122,0.7285538
3123,3123,0.9077955
3124,3124,0.0199005
3125,3125,0.7224162
3126,3126,0.633737
3127,3127,0.6427481
3128,3128,0.3134091
3129,3129,0.7197581
3130,3130,0.4303174
3131,3131,0.3782794
3132,3132,0.3135498
3133,3133,0.4630045
3134,3134,0.7649919
3135,3135,0.8395263
3136,3136,0.3135498
3137,3137,0.8305473
3138,3138,0.579693
3139,3139,0.06896552
3140,3140,0.5717557
3141,3141,0.6915103
3142,3142,0.7649919
3143,3143,0.3125027
3144,3144,0.4914762
3145,3145,0.6048763
3146,3146,0.1163991
3147,3147,0.5720298
3148,3148,0.7255612
3149,3149,0.7255612
3150,3150,0.7944444
3151,3151,0.2659426
3152,3152,0.7255612
3153,3153,0.3782794
3154,3154,0.5717557
3155,3155,0.9648805
3156,3156,0.4418929
3157,3157,0.5717557
3158,3158,0.9077955
3159,3159,0.7950524
3160,3160,0.5717557
3161,3161,0.2814008
3162,3162,0.3043903
3163,3163,0.7255612
3164,3164,0.137716
3165,3165,0.7385965
3166,3166,0.3164215
3167,3167,0.9077955
3168,3168,0.3121837
3169,3169,0.9112225
3170,3170,0.579693
3171,3171,0.9077955
3172,3172,0.1356383
3173,3173,0.6124325
3174,3174,0.4072512
3175,3175,0.579693
3176,3176,0.8143812
3177,3177,0.08734316
3178,3178,0.7649919
3179,3179,0.5943649
3180,3180,0.7385965
3181,3181,0.579693
3182,3182,0.1373328
3183,3183,0.2615276
3184,3184,0.7321028
3185,3185,0.1258065
3186,3186,0.9432248
3187,3187,0.4705472
3188,3188,0.7199394
3189,3189,0.3135498
3190,3190,0.8354744
3191,3191,0.7255612
3192,3192,0.9817061
3193,3193,0.4538695
3194,3194,0.1258065
3195,3195,0.06896552
3196,3196,0.2662289
3197,3197,0.7255612
3198,3198,0.06896552
3199,3199,0.7202396
3200,3200,0.1356387
3201,3201,0.7255612
3202,3202,0.7231008
3203,3203,0.5103215
3204,3204,0.8420652
3205,3205,0.03461841
3206,3206,0.7385965
3207,3207,0.312647
3208,3208,0.7385965
3209,3209,0.5770085
3210,3210,0.9812534
3211,3211,0.7255612
3212,3212,0.579693
3213,3213,0.5884764
3214,3214,0.3751068
3215,3215,0.7944444
3216,3216,0.8143812
3217,3217,0.6922321
3218,3218,0.04643324
3219,3219,0.8666686
3220,3220,0.8254574
3221,3221,0.690013
3222,3222,0.4914762
3223,3223,0.6427481
3224,3224,0.07155614
3225,3225,0.07319953
3226,3226,0.9077955
3227,3227,0.1070656
3228,3228,0.07057666
3229,3229,0.7255612
3230,3230,0.7255612
3231,3231,0.8097835
3232,3232,0.7178228
3233,3233,0.8196461
3234,3234,0.3130944
3235,3235,0.4914762
3236,3236,0.7255612
3237,3237,0.7197581
3238,3238,0.8143812
3239,3239,0.8217019
3240,3240,0.8210703
3241,3241,0.6301334
3242,3242,0.946424
3243,3243,0.5717557
3244,3244,0.8398533
3245,3245,0.9077955
3246,3246,0.7255612
3247,3247,0.6901404
3248,3248,0.7197581
3249,3249,0.72184
3250,3250,0.3782794
3251,3251,0.5768848
3252,3252,0.1258065
3253,3253,0.343837
3254,3254,0.5685768
3255,3255,0.5717557
3256,3256,0.4914762
3257,3257,0.9887429
3258,3258,0.690013
3259,3259,0.6258825
3260,3260,0.9011931
3261,3261,0.1124866
3262,3262,0.6903368
3263,3263,0.9077955
3264,3264,0.138971
3265,3265,0.6922321
3266,3266,0.9432248
3267,3267,0.6189036
3268,3268,0.03461841
3269,3269,0.9432248
3270,3270,0.06896552
3271,3271,0.3135498
3272,3272,0.5429623
3273,3273,0.819461
3274,3274,0.7944444
3275,3275,0.3782794
3276,3276,0.7882394
3277,3277,0.7944444
3278,3278,0.5141624
3279,3279,0.07319953
3280,3280,0.5737064
3281,3281,0.07319953
3282,3282,0.3547061
3283,3283,0.6579773
3284,3284,0.8398533
3285,3285,0.4914762
3286,3286,0.9077955
3287,3287,0.5717557
3288,3288,0.7649919
3289,3289,0.1253416
3290,3290,0.8996573
3291,3291,0.125806
3292,3292,0.2538968
3293,3293,0.8872108
3294,3294,0.9077955
3295,3295,0.5717557
3296,3296,0.3128272
3297,3297,0.8398533
3298,3298,0.1704977
3299,3299,0.1326804
3300,3300,0.7255612
3301,3301,0.6579166
3302,3302,0.3782794
3303,3303,0.9077955
3304,3304,0.3653879
3305,3305,0.6922321
3306,3306,0.7255612
3307,3307,0.6961242
3308,3308,0.7198234
3309,3309,0.690013
3310,3310,0.7385965
3311,3311,0.7649919
3312,3312,0.06896552
3313,3313,0.3135498
3314,3314,0.9432248
3315,3315,0.1172073
3316,3316,0.7255612
3317,3317,0.5968817
3318,3318,0.9432248
3319,3319,0.7944444
3320,3320,0.579693
3321,3321,0.8398533
3322,3322,0.7245265
3323,3323,0.3131617
3324,3324,0.579693
3325,3325,0.12516
3326,3326,0.07319953
3327,3327,0.2458261
3328,3328,0.06896552
3329,3329,0.9060104
3330,3330,0.7400666
3331,3331,0.8143812
3332,3332,0.5717557
3333,3333,0.06896552
3334,3334,0.9242626
3335,3335,0.7767518
3336,3336,0.7385965
3337,3337,0.9432248
3338,3338,0.03461841
3339,3339,0.5794597
3340,3340,0.2387491
3341,3341,0.6937467
3342,3342,0.6424599
3343,3343,0.7944444
3344,3344,0.5765865
3345,3345,0.6427481
3346,3346,0.9077955
3347,3347,0.3124277
3348,3348,0.03461841
3349,3349,0.5287831
3350,3350,0.8398533
3351,3351,0.7385965
3352,3352,0.5717557
3353,3353,0.5732073
3354,3354,0.7106068
3355,3355,0.5884752
3356,3356,0.3135498
3357,3357,0.4914762
3358,3358,0.9766877
3359,3359,0.8667011
3360,3360,0.3082362
3361,3361,0.09520907
3362,3362,0.9077955
3363,3363,0.6427481
3364,3364,0.1268934
3365,3365,0.7649919
3366,3366,0.8960695
3367,3367,0.7649919
3368,3368,0.7464622
3369,3369,0.7385965
3370,3370,0.08941899
3371,3371,0.9626416
3372,3372,0.9077955
3373,3373,0.7385965
3374,3374,0.579693
3375,3375,0.7213202
3376,3376,0.7649919
3377,3377,0.4914762
3378,3378,0.9077955
3379,3379,0.4914762
3380,3380,0.7255612
3381,3381,0.7385965
3382,3382,0.7305342
3383,3383,0.3035184
3384,3384,0.7944444
3385,3385,0.1252732
3386,3386,0.7255612
3387,3387,0.4914762
3388,3388,0.5717557
3389,3389,0.9851763
3390,3390,0.1349365
3391,3391,0.2560978
3392,3392,0.4914762
3393,3393,0.9046624
3394,3394,0.9432248
3395,3395,0.4147369
3396,3396,0.7259004
3397,3397,0.9077955
3398,3398,0.8385572
3399,3399,0.6922321
3400,3400,0.7555094
3401,3401,0.5717557
3402,3402,0.5717557
3403,3403,0.9077955
3404,3404,0.6779233
3405,3405,0.9077955
3406,3406,0.7330064
3407,3407,0.3782794
3408,3408,0.7944444
3409,3409,0.7944444
3410,3410,0.7051837
3411,3411,0.9432248
3412,3412,0.2053034
3413,3413,0.8143812
3414,3414,0.579693
3415,3415,0.8398533
3416,3416,0.2466028
3417,3417,0.06934929
3418,3418,0.2437176
3419,3419,0.6922321
3420,3420,0.9432248
3421,3421,0.7255612
3422,3422,0.7846177
3423,3423,0.7649919
3424,3424,0.5717557
3425,3425,0.7443321
3426,3426,0.4587308
3427,3427,0.7411438
3428,3428,0.9077955
3429,3429,0.1147282
3430,3430,0.4110406
3431,3431,0.9490911
3432,3432,0.5717557
3433,3433,0.1257282
3434,3434,0.6922321
3435,3435,0.9077955
3436,3436,0.8398533
3437,3437,0.8398533
3438,3438,0.5473074
3439,3439,0.5717557
3440,3440,0.690013
3441,3441,0.579693
3442,3442,0.6172493
3443,3443,0.3135498
3444,3444,0.6499112
3445,3445,0.7944444
3446,3446,0.9488283
3447,3447,0.5717557
3448,3448,0.7649919
3449,3449,0.4630045
3450,3450,0.8668033
3451,3451,0.2242412
3452,3452,0.3554765
3453,3453,0.7255612
3454,3454,0.7278666
3455,3455,0.7944444
3456,3456,0.03461841
3457,3457,0.579693
3458,3458,0.2495939
3459,3459,0.7255612
3460,3460,0.9077955
3461,3461,0.7255612
3462,3462,0.06896552
3463,3463,0.8132306
3464,3464,0.9303497
3465,3465,0.9432248
3466,3466,0.07255072
3467,3467,0.5743902
3468,3468,0.8012245
3469,3469,0.9887429
3470,3470,0.6375864
3471,3471,0.7365173
3472,3472,0.5784107
3473,3473,0.9077955
3474,3474,0.3965682
3475,3475,0.5242636
3476,3476,0.6922321
3477,3477,0.9862174
3478,3478,0.6883875
3479,3479,0.2165625
3480,3480,0.7255612
3481,3481,0.9077955
3482,3482,0.1258065
3483,3483,0.9077955
3484,3484,0.7944444
3485,3485,0.7255612
3486,3486,0.7255612
3487,3487,0.0707107
3488,3488,0.7322113
3489,3489,0.8664795
3490,3490,0.9432248
3491,3491,0.7649919
3492,3492,0.9091969
3493,3493,0.3133035
3494,3494,0.7944444
3495,3495,0.579693
3496,3496,0.7385965
3497,3497,0.9077955
3498,3498,0.6399331
3499,3499,0.1280283
3500,3500,0.1247626
3501,3501,0.690013
3502,3502,0.06896552
3503,3503,0.690013
3504,3504,0.4914762
3505,3505,0.7385965
3506,3506,0.7278299
3507,3507,0.166137
3508,3508,0.4453368
3509,3509,0.8085978
3510,3510,0.1257332
3511,3511,0.7385965
3512,3512,0.690013
3513,3513,0.7214342
3514,3514,0.9077955
3515,3515,0.8143812
3516,3516,0.7649919
3517,3517,0.06870869
3518,3518,0.4914762
3519,3519,0.6427481
3520,3520,0.03639401
3521,3521,0.9303497
3522,3522,0.03461841
3523,3523,0.6427481
3524,3524,0.07083507
3525,3525,0.9545718
3526,3526,0.7255612
3527,3527,0.2503573
3528,3528,0.4630045
3529,3529,0.5873256
3530,3530,0.7944444
3531,3531,0.3782794
3532,3532,0.4914762
3533,3533,0.3849129
3534,3534,0.7385965
3535,3535,0.07162031
3536,3536,0.9432248
3537,3537,0.6922321
3538,3538,0.7255612
3539,3539,0.6905733
3540,3540,0.7385965
3541,3541,0.7255612
3542,3542,0.5369851
3543,3543,0.9822322
3544,3544,0.7255612
3545,3545,0.07319953
3546,3546,0.9077955
3547,3547,0.4472995
3548,3548,0.866671
3549,3549,0.7255612
3550,3550,0.9757362
3551,3551,0.3135498
3552,3552,0.9077955
3553,3553,0.7385965
3554,3554,0.690013
3555,3555,0.1241941
3556,3556,0.9077955
3557,3557,0.6922321
3558,3558,0.6602962
3559,3559,0.8340588
3560,3560,0.9161068
3561,3561,0.5717557
3562,3562,0.7706528
3563,3563,0.5717557
3564,3564,0.9077955
3565,3565,0.6922321
3566,3566,0.7197581
3567,3567,0.690013
3568,3568,0.2227648
3569,3569,0.3135498
3570,3570,0.7691252
3571,3571,0.9369701
3572,3572,0.7385965
3573,3573,0.7230209
3574,3574,0.6922321
3575,3575,0.9077955
3576,3576,0.1501232
3577,3577,0.8253339
3578,3578,0.7255612
3579,3579,0.3782794
3580,3580,0.7944444
3581,3581,0.8143812
3582,3582,0.7255612
3583,3583,0.4570851
3584,3584,0.3127914
3585,3585,0.690013
3586,3586,0.4914762
3587,3587,0.9077955
3588,3588,0.579693
3589,3589,0.9077955
3590,3590,0.06959794
3591,3591,0.4914762
3592,3592,0.4914762
3593,3593,0.5668229
3594,3594,0.690013
3595,3595,0.312175
3596,3596,0.1258065
3597,3597,0.7255612
3598,3598,0.6162487
3599,3599,0.2057707
3600,3600,0.108598
3601,3601,0.1258065
3602,3602,0.9862174
3603,3603,0.9077955
3604,3604,0.9077955
3605,3605,0.3782794
3606,3606,0.2283775
3607,3607,0.690013
3608,3608,0.7197581
3609,3609,0.8398533
3610,3610,0.6107097
3611,3611,0.8398533
3612,3612,0.5717557
3613,3613,0.690013
3614,3614,0.9077955
3615,3615,0.3782794
3616,3616,0.7530264
3617,3617,0.0199005
3618,3618,0.5726864
3619,3619,0.9432248
3620,3620,0.4914762
3621,3621,0.579693
3622,3622,0.7649919
3623,3623,0.9878301
3624,3624,0.866745
3625,3625,0.7471887
3626,3626,0.9077955
3627,3627,0.9324129
3628,3628,0.8668033
3629,3629,0.3135498
3630,3630,0.4630045
3631,3631,0.9077955
3632,3632,0.8667639
3633,3633,0.579693
3634,3634,0.9077955
3635,3635,0.7833399
3636,3636,0.7197618
3637,3637,0.9455678
3638,3638,0.7255612
3639,3639,0.690013
3640,3640,0.3819865
3641,3641,0.1056128
3642,3642,0.9077955
3643,3643,0.579693
3644,3644,0.4016596
3645,3645,0.3092425
3646,3646,0.8355318
3647,3647,0.7892417
3648,3648,0.9432248
3649,3649,0.9077955
3650,3650,0.4914762
3651,3651,0.9077955
3652,3652,0.9284069
3653,3653,0.6327804
3654,3654,0.7255612
3655,3655,0.3125674
3656,3656,0.3123187
3657,3657,0.8707397
3658,3658,0.8398533
3659,3659,0.5706784
3660,3660,0.3593729
3661,3661,0.7944444
3662,3662,0.448002
3663,3663,0.7236586
3664,3664,0.07230637
3665,3665,0.6922321
3666,3666,0.6922321
3667,3667,0.9432248
3668,3668,0.7197581
3669,3669,0.7944444
3670,3670,0.9795189
3671,3671,0.9165736
3672,3672,0.7255612
3673,3673,0.07319953
3674,3674,0.4914762
3675,3675,0.7442347
3676,3676,0.9077955
3677,3677,0.7197581
3678,3678,0.9077955
3679,3679,0.7944444
3680,3680,0.7382211
3681,3681,0.712302
3682,3682,0.7954867
3683,3683,0.1497336
3684,3684,0.9077955
3685,3685,0.6227255
3686,3686,0.3922803
3687,3687,0.7944444
3688,3688,0.3128348
3689,3689,0.8467484
3690,3690,0.6914406
3691,3691,0.6006562
3692,3692,0.4630045
3693,3693,0.6354265
3694,3694,0.5717557
3695,3695,0.7457545
3696,3696,0.1258065
3697,3697,0.896043
3698,3698,0.7148291
3699,3699,0.5717557
3700,3700,0.9050502
3701,3701,0.6922321
3702,3702,0.5717557
3703,3703,0.4325334
3704,3704,0.9432248
3705,3705,0.2224351
3706,3706,0.6427481
3707,3707,0.9862174
3708,3708,0.7385965
3709,3709,0.7385965
3710,3710,0.6254099
3711,3711,0.114258
3712,3712,0.9054934
3713,3713,0.3782794
3714,3714,0.1922797
3715,3715,0.3135498
3716,3716,0.03452248
3717,3717,0.4914762
3718,3718,0.4914762
3719,3719,0.739971
3720,3720,0.3527481
3721,3721,0.8795046
3722,3722,0.9396245
3723,3723,0.4914762
3724,3724,0.9077955
3725,3725,0.8398533
3726,3726,0.7385965
3727,3727,0.7255612
3728,3728,0.6922321
3729,3729,0.9434036
3730,3730,0.766619
3731,3731,0.579693
3732,3732,0.7197581
3733,3733,0.7255612
3734,3734,0.6320702
3735,3735,0.7944444
3736,3736,0.7944444
3737,3737,0.4630045
3738,3738,0.9077955
3739,3739,0.7255612
3740,3740,0.9757962
3741,3741,0.7197581
3742,3742,0.8143812
3743,3743,0.9432248
3744,3744,0.3782794
3745,3745,0.5717557
3746,3746,0.3782794
3747,3747,0.1135115
3748,3748,0.7944444
3749,3749,0.5549017
3750,3750,0.6076425
3751,3751,0.9758931
3752,3752,0.225431
3753,3753,0.7217742
3754,3754,0.7649919
3755,3755,0.7197581
3756,3756,0.07319953
3757,3757,0.2272343
3758,3758,0.5717557
3759,3759,0.9432248
3760,3760,0.8398533
3761,3761,0.6922321
3762,3762,0.7255612
3763,3763,0.3782794
3764,3764,0.9432248
3765,3765,0.6922321
3766,3766,0.6913615
3767,3767,0.6417527
3768,3768,0.3782794
3769,3769,0.690013
3770,3770,0.237512
3771,3771,0.7944444
3772,3772,0.04100008
3773,3773,0.7649919
3774,3774,0.7649919
3775,3775,0.06896552
3776,3776,0.8601507
3777,3777,0.7339154
3778,3778,0.3919485
3779,3779,0.579693
3780,3780,0.9077955
3781,3781,0.2188652
3782,3782,0.9793788
3783,3783,0.9369701
3784,3784,0.133356
3785,3785,0.7197581
3786,3786,0.3782794
3787,3787,0.9830751
3788,3788,0.9077955
3789,3789,0.1140175
3790,3790,0.3513627
3791,3791,0.7649919
3792,3792,0.8426535
3793,3793,0.06896552
3794,3794,0.7162353
3795,3795,0.7944444
3796,3796,0.9303598
3797,3797,0.6427481
3798,3798,0.5717557
3799,3799,0.6204687
3800,3800,0.3135498
3801,3801,0.3110198
3802,3802,0.7649919
3803,3803,0.3782794
3804,3804,0.08843257
3805,3805,0.3135498
3806,3806,0.7276145
3807,3807,0.8462935
3808,3808,0.9432248
3809,3809,0.3135498
3810,3810,0.9077955
3811,3811,0.9885333
3812,3812,0.07319953
3813,3813,0.690013
3814,3814,0.1257873
3815,3815,0.8230351
3816,3816,0.06964445
3817,3817,0.5717557
3818,3818,0.7255612
3819,3819,0.3801662
3820,3820,0.9077955
3821,3821,0.1122643
3822,3822,0.9862174
3823,3823,0.9432248
3824,3824,0.4630045
3825,3825,0.4914762
3826,3826,0.9077955
3827,3827,0.7833399
3828,3828,0.2207727
3829,3829,0.579693
3830,3830,0.6902102
3831,3831,0.690013
3832,3832,0.09556127
3833,3833,0.9077955
3834,3834,0.4792167
3835,3835,0.7803521
3836,3836,0.5717557
3837,3837,0.874545
3838,3838,0.1258065
3839,3839,0.7649919
3840,3840,0.06896552
3841,3841,0.4914762
3842,3842,0.9072418
3843,3843,0.7605762
3844,3844,0.5703827
3845,3845,0.9077955
3846,3846,0.8532346
3847,3847,0.9432248
3848,3848,0.4483949
3849,3849,0.04484552
3850,3850,0.8264365
3851,3851,0.5717557
3852,3852,0.1321079
3853,3853,0.773415
3854,3854,0.4914762
3855,3855,0.7255612
3856,3856,0.5717557
3857,3857,0.9368497
3858,3858,0.7385965
3859,3859,0.7211184
3860,3860,0.203311
3861,3861,0.03461841
3862,3862,0.1254144
3863,3863,0.7385965
3864,3864,0.7649919
3865,3865,0.7944444
3866,3866,0.5717557
3867,3867,0.6167067
3868,3868,0.8141463
3869,3869,0.2322591
3870,3870,0.7255612
3871,3871,0.8633845
3872,3872,0.7770989
3873,3873,0.07513678
3874,3874,0.4966734
3875,3875,0.8509312
3876,3876,0.9077955
3877,3877,0.3135498
3878,3878,0.6922321
3879,3879,0.6997569
3880,3880,0.6442928
3881,3881,0.7255612
3882,3882,0.6327591
3883,3883,0.7243708
3884,3884,0.4914762
3885,3885,0.1392092
3886,3886,0.9432248
3887,3887,0.1329499
3888,3888,0.5791202
3889,3889,0.1042313
3890,3890,0.5717557
3891,3891,0.5717557
3892,3892,0.7404987
3893,3893,0.06896552
3894,3894,0.9022498
3895,3895,0.1880759
3896,3896,0.9282838
3897,3897,0.3384237
3898,3898,0.06896552
3899,3899,0.9005825
3900,3900,0.2871445
3901,3901,0.9077955
3902,3902,0.6427481
3903,3903,0.7985511
3904,3904,0.7245139
3905,3905,0.7385965
3906,3906,0.5717557
3907,3907,0.8142431
3908,3908,0.1246694
3909,3909,0.7944444
3910,3910,0.3782794
3911,3911,0.2601976
3912,3912,0.6293586
3913,3913,0.8143812
3914,3914,0.5786812
3915,3915,0.9432248
3916,3916,0.9077955
3917,3917,0.06896552
3918,3918,0.06439269
3919,3919,0.9077955
3920,3920,0.4914762
3921,3921,0.1471842
3922,3922,0.9862174
3923,3923,0.7278666
3924,3924,0.5203973
3925,3925,0.7944444
3926,3926,0.7944444
3927,3927,0.5425977
3928,3928,0.7944444
3929,3929,0.7486392
3930,3930,0.5717557
3931,3931,0.8202285
3932,3932,0.7142289
3933,3933,0.7293808
3934,3934,0.5717557
3935,3935,0.7377081
3936,3936,0.1068421
3937,3937,0.7765931
3938,3938,0.7763714
3939,3939,0.9077955
3940,3940,0.5717557
3941,3941,0.6919542
3942,3942,0.7197581
3943,3943,0.7558407
3944,3944,0.364611
3945,3945,0.03461841
3946,3946,0.7398756
3947,3947,0.8064709
3948,3948,0.9432248
3949,3949,0.05016959
3950,3950,0.5733007
3951,3951,0.7118132
3952,3952,0.7177272
3953,3953,0.6912711
3954,3954,0.1277488
3955,3955,0.7255612
3956,3956,0.9077955
3957,3957,0.9457061
3958,3958,0.9757962
3959,3959,0.579693
3960,3960,0.3782794
3961,3961,0.5957799
3962,3962,0.9765196
3963,3963,0.2284685
3964,3964,0.695177
3965,3965,0.7206331
3966,3966,0.5722597
3967,3967,0.7944444
3968,3968,0.9142915
3969,3969,0.07319953
3970,3970,0.9077955
3971,3971,0.9077955
3972,3972,0.690013
3973,3973,0.6922321
3974,3974,0.3001874
3975,3975,0.9440002
3976,3976,0.3121756
3977,3977,0.2565272
3978,3978,0.2509257
3979,3979,0.9077955
3980,3980,0.1258065
3981,3981,0.3062783
3982,3982,0.690013
3983,3983,0.7931546
3984,3984,0.1202025
3985,3985,0.3084944
3986,3986,0.3782794
3987,3987,0.9077955
3988,3988,0.07319953
3989,3989,0.5717557
3990,3990,0.9755706
3991,3991,0.7783601
3992,3992,0.03461841
3993,3993,0.7649919
3994,3994,0.9077955
3995,3995,0.7255612
3996,3996,0.9432248
3997,3997,0.3782794
3998,3998,0.5717557
3999,3999,0.03461841
4000,4000,0.9758525
4001,4001,0.8398533
4002,4002,0.07257754
4003,4003,0.5732789
4004,4004,0.7255612
4005,4005,0.6901444
4006,4006,0.07319953
4007,4007,0.06303462
4008,4008,0.7944444
4009,4009,0.4914762
4010,4010,0.5717557
4011,4011,0.9432248
4012,4012,0.4914762
4013,4013,0.7944444
4014,4014,0.8683636
4015,4015,0.2260488
4016,4016,0.09283337
4017,4017,0.6427481
4018,4018,0.06896552
4019,4019,0.690013
4020,4020,0.1244189
4021,4021,0.9094325
4022,4022,0.9506454
4023,4023,0.6420615
4024,4024,0.4914762
4025,4025,0.8037463
4026,4026,0.5803089
4027,4027,0.4126527
4028,4028,0.8298223
4029,4029,0.0199005
4030,4030,0.6922321
4031,4031,0.1357568
4032,4032,0.1258065
4033,4033,0.9432248
4034,4034,0.03461841
4035,4035,0.8766509
4036,4036,0.9009095
4037,4037,0.1125764
4038,4038,0.7721301
4039,4039,0.7255612
4040,4040,0.7649919
4041,4041,0.7255612
4042,4042,0.1258065
4043,4043,0.8143812
4044,4044,0.06905922
4045,4045,0.1258065
4046,4046,0.144607
4047,4047,0.7206115
4048,4048,0.07319953
4049,4049,0.5854451
4050,4050,0.03461841
4051,4051,0.5744584
4052,4052,0.396993
4053,4053,0.5741544
4054,4054,0.3782794
4055,4055,0.3127088
4056,4056,0.9432248
4057,4057,0.3473226
4058,4058,0.1250781
4059,4059,0.1984859
4060,4060,0.5673705
4061,4061,0.7649919
4062,4062,0.1253071
4063,4063,0.7255612
4064,4064,0.06896552
4065,4065,0.7255612
4066,4066,0.7255612
4067,4067,0.7197581
4068,4068,0.9077955
4069,4069,0.7920607
4070,4070,0.1223655
4071,4071,0.5803089
4072,4072,0.1258065
4073,4073,0.8398533
4074,4074,0.9432248
4075,4075,0.4914762
4076,4076,0.2400181
4077,4077,0.9432248
4078,4078,0.6922321
4079,4079,0.5717557
4080,4080,0.7197581
4081,4081,0.6914406
4082,4082,0.9432248
4083,4083,0.123843
4084,4084,0.7649919
4085,4085,0.9668363
4086,4086,0.5717557
4087,4087,0.2181888
4088,4088,0.1312927
4089,4089,0.9077955
4090,4090,0.838001
4091,4091,0.9077955
4092,4092,0.3134584
4093,4093,0.7759771
4094,4094,0.7255612
4095,4095,0.4914762
4096,4096,0.5717557
4097,4097,0.4914762
4098,4098,0.7874139
4099,4099,0.9933422
4100,4100,0.5717557
4101,4101,0.3782794
4102,4102,0.7944444
4103,4103,0.03480591
4104,4104,0.8035271
4105,4105,0.1138591
4106,4106,0.5753959
4107,4107,0.5717557
4108,4108,0.3135498
4109,4109,0.8555318
4110,4110,0.7385965
4111,4111,0.6922321
4112,4112,0.8398533
4113,4113,0.9432248
4114,4114,0.1258065
4115,4115,0.9019852
4116,4116,0.5051036
4117,4117,0.8398533
4118,4118,0.03461841
4119,4119,0.7944444
4120,4120,0.4127593
4121,4121,0.06896552
4122,4122,0.7240549
4123,4123,0.3003511
4124,4124,0.7944444
4125,4125,0.1290336
4126,4126,0.3782794
4127,4127,0.3782794
4128,4128,0.9077955
4129,4129,0.03461841
4130,4130,0.7255612
4131,4131,0.690013
4132,4132,0.9077955
4133,4133,0.8667639
4134,4134,0.4914762
4135,4135,0.579693
4136,4136,0.2348668
4137,4137,0.690013
4138,4138,0.8143812
4139,4139,0.7197581
4140,4140,0.5717557
4141,4141,0.1463801
4142,4142,0.6922321
4143,4143,0.7197581
4144,4144,0.9077955
4145,4145,0.3219233
4146,4146,0.7182419
4147,4147,0.2189188
4148,4148,0.108598
4149,4149,0.07319953
4150,4150,0.8398533
4151,4151,0.7255612
4152,4152,0.7649919
4153,4153,0.06896552
4154,4154,0.9938543
4155,4155,0.690013
4156,4156,0.7385965
4157,4157,0.690013
4158,4158,0.7197581
4159,4159,0.8303859
4160,4160,0.7649919
4161,4161,0.1176119
4162,4162,0.579693
4163,4163,0.690013
4164,4164,0.7220629
4165,4165,0.1709268
4166,4166,0.8668033
4167,4167,0.5717557
4168,4168,0.9077955
4169,4169,0.9077955
4170,4170,0.5287989
4171,4171,0.7247196
4172,4172,0.7255612
4173,4173,0.9756488
4174,4174,0.9759894
4175,4175,0.8375965
4176,4176,0.8245418
4177,4177,0.6922321
4178,4178,0.7255612
4179,4179,0.5996062
4180,4180,0.1252505
4181,4181,0.4211836
4182,4182,0.06962991
4183,4183,0.07202073
4184,4184,0.8795046
4185,4185,0.1207099
4186,4186,0.690013
4187,4187,0.736745
4188,4188,0.06896552
4189,4189,0.6922321
4190,4190,0.06896552
4191,4191,0.9267994
4192,4192,0.2434634
4193,4193,0.9077955
4194,4194,0.201143
4195,4195,0.9335178
4196,4196,0.7197581
4197,4197,0.579693
4198,4198,0.4795015
4199,4199,0.6922321
4200,4200,0.9867208
4201,4201,0.9442872
4202,4202,0.6922321
4203,4203,0.9228462
4204,4204,0.7255612
4205,4205,0.5717557
4206,4206,0.7944444
4207,4207,0.9077955
4208,4208,0.06896552
4209,4209,0.07073137
4210,4210,0.635421
4211,4211,0.7944444
4212,4212,0.3782794
4213,4213,0.2872762
4214,4214,0.579693
4215,4215,0.579693
4216,4216,0.7385965
4217,4217,0.9432248
4218,4218,0.9077955
4219,4219,0.7255612
4220,4220,0.7649919
4221,4221,0.1601192
4222,4222,0.8143812
4223,4223,0.8654075
4224,4224,0.690013
4225,4225,0.03461841
4226,4226,0.5342938
4227,4227,0.9077955
4228,4228,0.8529342
4229,4229,0.3782794
4230,4230,0.9432248
4231,4231,0.6862357
4232,4232,0.5481641
4233,4233,0.7385965
4234,4234,0.8143812
4235,4235,0.7709151
4236,4236,0.7255612
4237,4237,0.1258065
4238,4238,0.866778
4239,4239,0.9432248
4240,4240,0.9077955
4241,4241,0.03461841
4242,4242,0.6910303
4243,4243,0.7208279
4244,4244,0.9077955
4245,4245,0.9432248
4246,4246,0.9077955
4247,4247,0.4630045
4248,4248,0.579069
4249,4249,0.8143812
4250,4250,0.06896552
4251,4251,0.9077955
4252,4252,0.72184
4253,4253,0.5717557
4254,4254,0.9077955
4255,4255,0.3782794
4256,4256,0.4160516
4257,4257,0.698496
4258,4258,0.9077955
4259,4259,0.07916068
4260,4260,0.7649919
4261,4261,0.7944444
4262,4262,0.7944444
4263,4263,0.7197581
4264,4264,0.313098
4265,4265,0.976361
4266,4266,0.8143812
4267,4267,0.6908532
4268,4268,0.7084296
4269,4269,0.7649919
4270,4270,0.9077955
4271,4271,0.690013
4272,4272,0.7255612
4273,4273,0.5774553
4274,4274,0.5744254
4275,4275,0.4611289
4276,4276,0.8143812
4277,4277,0.5771267
4278,4278,0.467539
4279,4279,0.7365103
4280,4280,0.4914762
4281,4281,0.230514
4282,4282,0.579693
4283,4283,0.5717557
4284,4284,0.8269682
4285,4285,0.7649919
4286,4286,0.7944444
4287,4287,0.7442347
4288,4288,0.7903558
4289,4289,0.7649919
4290,4290,0.7944444
4291,4291,0.4914762
4292,4292,0.7649919
4293,4293,0.4914762
4294,4294,0.9782431
4295,4295,0.2363477
4296,4296,0.9077955
4297,4297,0.5771458
4298,4298,0.03461841
4299,4299,0.6983839
4300,4300,0.5721822
4301,4301,0.3782794
4302,4302,0.8284777
4303,4303,0.7409539
4304,4304,0.2392969
4305,4305,0.6024647
4306,4306,0.07176083
4307,4307,0.6922321
4308,4308,0.9077955
4309,4309,0.06896552
4310,4310,0.7397811
4311,4311,0.2228702
4312,4312,0.2529243
4313,4313,0.9077955
4314,4314,0.1255495
4315,4315,0.7649919
4316,4316,0.07122985
4317,4317,0.5789958
4318,4318,0.3136689
4319,4319,0.7938494
4320,4320,0.7385965
4321,4321,0.9077955
4322,4322,0.8410118
4323,4323,0.127021
4324,4324,0.1672877
4325,4325,0.7351689
4326,4326,0.8143812
4327,4327,0.23262
4328,4328,0.9077955
4329,4329,0.3188057
4330,4330,0.9077955
4331,4331,0.690013
4332,4332,0.4630045
4333,4333,0.579693
4334,4334,0.2231648
4335,4335,0.8668033
4336,4336,0.06896552
4337,4337,0.880434
4338,4338,0.9077955
4339,4339,0.3339215
4340,4340,0.8143812
4341,4341,0.975933
4342,4342,0.230173
4343,4343,0.5855781
4344,4344,0.8479726
4345,4345,0.08454032
4346,4346,0.4189423
4347,4347,0.4914762
4348,4348,0.7385965
4349,4349,0.312647
4350,4350,0.751487
4351,4351,0.03461841
4352,4352,0.9176118
4353,4353,0.1258065
4354,4354,0.3121706
4355,4355,0.07319953
4356,4356,0.7649919
4357,4357,0.4914762
4358,4358,0.690013
4359,4359,0.7649919
4360,4360,0.579693
4361,4361,0.9077955
4362,4362,0.7649919
4363,4363,0.7944444
4364,4364,0.7245265
4365,4365,0.04470623
4366,4366,0.7255612
4367,4367,0.7944444
4368,4368,0.8667109
4369,4369,0.9761662
4370,4370,0.6078541
4371,4371,0.9077955
4372,4372,0.1258065
4373,4373,0.8269682
4374,4374,0.6922321
4375,4375,0.09148586
4376,4376,0.6450148
4377,4377,0.8041314
4378,4378,0.9862174
4379,4379,0.4788026
4380,4380,0.02695439
4381,4381,0.06118844
4382,4382,0.07319953
4383,4383,0.7944444
4384,4384,0.1347041
4385,4385,0.7255612
4386,4386,0.04854935
4387,4387,0.2249249
4388,4388,0.9077955
4389,4389,0.3782794
4390,4390,0.9077955
4391,4391,0.6922321
4392,4392,0.4910537
4393,4393,0.9355406
4394,4394,0.4914762
4395,4395,0.3440381
4396,4396,0.9077955
4397,4397,0.6910026
4398,4398,0.09795263
4399,4399,0.9077955
4400,4400,0.635164
4401,4401,0.8143812
4402,4402,0.3782794
4403,4403,0.5717557
4404,4404,0.7458771
4405,4405,0.2322591
4406,4406,0.4111191
4407,4407,0.4914762
4408,4408,0.6893185
4409,4409,0.9307157
4410,4410,0.6922321
4411,4411,0.135892
4412,4412,0.7944444
4413,4413,0.7310432
4414,4414,0.6800787
4415,4415,0.7649919
4416,4416,0.9432248
4417,4417,0.06896552
4418,4418,0.6922321
4419,4419,0.06896552
4420,4420,0.8668033
4421,4421,0.7649919
4422,4422,0.7944444
4423,4423,0.06896552
4424,4424,0.8143812
4425,4425,0.7219788
4426,4426,0.583641
4427,4427,0.7944444
4428,4428,0.6922321
4429,4429,0.9144813
4430,4430,0.9432248
4431,4431,0.1970014
4432,4432,0.5751167
4433,4433,0.9518753
4434,4434,0.9482337
4435,4435,0.5736172
4436,4436,0.9432248
4437,4437,0.7255612
4438,4438,0.9077955
4439,4439,0.7255612
4440,4440,0.1465856
4441,4441,0.2135974
4442,4442,0.9762742
4443,4443,0.6922321
4444,4444,0.9077955
4445,4445,0.6427036
4446,4446,0.6160311
4447,4447,0.7197581
4448,4448,0.4914762
4449,4449,0.4783652
4450,4450,0.2290796
4451,4451,0.6760621
4452,4452,0.9338298
4453,4453,0.7944444
4454,4454,0.3782794
4455,4455,0.3782794
4456,4456,0.2262941
4457,4457,0.5717557
4458,4458,0.8312269
4459,4459,0.3782794
4460,4460,0.8398533
4461,4461,0.7944444
4462,4462,0.7255612
4463,4463,0.8701944
4464,4464,0.9315988
4465,4465,0.9077955
4466,4466,0.9077955
4467,4467,0.2896652
4468,4468,0.690013
4469,4469,0.7255612
4470,4470,0.9862174
4471,4471,0.6410615
4472,4472,0.9920532
